Area Code,Area Code (M49),M49 Code,Area,Item Code (FBS),Item Code,Item,Year,target_year,result_type,food_supply_kcal_cap_day,eligible_for_2024_scoring,scoring_exclusion_reason,predicted_shortage_probability,risk_band,predicted_shortage_warning,evidence_review_level,eligible_for_headline_ranking,headline_ranking_exclusion_reason,missing_locked_feature_count,numeric_features_outside_training_range_count,non_year_features_outside_training_range_count,unknown_model_category_count,pair_has_historical_training_support,pair_historical_rows,pair_historical_shortages,pair_historical_shortage_rate,pair_predictor_year_start,pair_predictor_year_end,production_status,recorded_element_count,source_absent_element_count,source_present_missing_element_count,recorded_zero_element_count,recorded_negative_element_count,supply_outcome_recorded_count,supply_outcomes_complete,negative_domestic_supply_flag
46,'178,178,Congo,'S2514,2514,Maize and products,2023,2024,Model-generated 2024 early-warning estimate,65.32,True,Eligible for prospective scoring,0.619498629148629,High warning: 30% or more,1,Within usual historical support,True,Eligible for headline ranking inputs,5,1,0,0,True,13.0,3.0,0.23076923076923078,2010.0,2022.0,Recorded positive production,18,1,1,4,0,5,True,False
130,'454,454,Malawi,'S2511,2511,Wheat and products,2023,2024,Model-generated 2024 early-warning estimate,42.07,True,Eligible for prospective scoring,0.6106484126984126,High warning: 30% or more,1,Within usual historical support,True,Eligible for headline ranking inputs,4,1,0,0,True,13.0,7.0,0.5384615384615384,2010.0,2022.0,Recorded positive production,19,1,0,4,2,5,True,False
130,'454,454,Malawi,'S2552,2552,Groundnuts,2023,2024,Model-generated 2024 early-warning estimate,27.64,True,Eligible for prospective scoring,0.5291494949494947,High warning: 30% or more,1,Within usual historical support,True,Eligible for headline ranking inputs,9,1,0,0,True,5.0,4.0,0.8,2010.0,2022.0,Recorded positive production,17,3,0,2,0,5,True,False
184,'646,646,Rwanda,'S2511,2511,Wheat and products,2023,2024,Model-generated 2024 early-warning estimate,121.35,True,Eligible for prospective scoring,0.5034903318903319,High warning: 30% or more,1,Within usual historical support,True,Eligible for headline ranking inputs,5,1,0,0,True,13.0,4.0,0.3076923076923077,2010.0,2022.0,Recorded positive production,17,1,2,2,1,5,True,False
137,'480,480,Mauritius,'S2514,2514,Maize and products,2023,2024,Model-generated 2024 early-warning estimate,38.65,True,Eligible for prospective scoring,0.4445310522810525,High warning: 30% or more,1,Within usual historical support,True,Eligible for headline ranking inputs,3,1,0,0,True,13.0,3.0,0.23076923076923078,2010.0,2022.0,Recorded positive production,19,1,0,4,0,5,True,False
175,'624,624,Guinea-Bissau,'S2511,2511,Wheat and products,2023,2024,Model-generated 2024 early-warning estimate,79.42,True,Eligible for prospective scoring,0.41324023754023764,High warning: 30% or more,1,Heightened evidence review,True,Eligible for headline ranking inputs,31,1,0,0,True,13.0,1.0,0.07692307692307693,2010.0,2022.0,No production source row,14,6,0,4,0,5,True,False
196,'690,690,Seychelles,'S2514,2514,Maize and products,2023,2024,Model-generated 2024 early-warning estimate,191.61,True,Eligible for prospective scoring,0.39785676545676546,High warning: 30% or more,1,Heightened evidence review,True,Eligible for headline ranking inputs,25,1,0,0,True,13.0,4.0,0.3076923076923077,2010.0,2022.0,No production source row,16,3,1,5,0,5,True,False
123,'430,430,Liberia,'S2511,2511,Wheat and products,2023,2024,Model-generated 2024 early-warning estimate,25.23,True,Eligible for prospective scoring,0.3636912698412699,High warning: 30% or more,1,Heightened evidence review,True,Eligible for headline ranking inputs,27,1,0,0,True,13.0,6.0,0.46153846153846156,2010.0,2022.0,No production source row,14,6,0,4,0,5,True,False
75,'270,270,Gambia,'S2514,2514,Maize and products,2023,2024,Model-generated 2024 early-warning estimate,80.18,True,Eligible for prospective scoring,0.359653174603175,High warning: 30% or more,1,Within usual historical support,True,Eligible for headline ranking inputs,7,1,0,0,True,13.0,4.0,0.3076923076923077,2010.0,2022.0,Recorded positive production,18,1,1,5,0,5,True,False
122,'426,426,Lesotho,'S2518,2518,Sorghum and products,2023,2024,Model-generated 2024 early-warning estimate,11.42,True,Eligible for prospective scoring,0.3235256632256632,High warning: 30% or more,1,Within usual historical support,True,Eligible for headline ranking inputs,9,1,0,0,True,13.0,6.0,0.46153846153846156,2010.0,2022.0,Recorded positive production,18,2,0,4,0,5,True,False
75,'270,270,Gambia,'S2517,2517,Millet and products,2023,2024,Model-generated 2024 early-warning estimate,102.9,True,Eligible for prospective scoring,0.3233645743145742,High warning: 30% or more,1,Within usual historical support,True,Eligible for headline ranking inputs,13,1,0,0,True,13.0,4.0,0.3076923076923077,2010.0,2022.0,Recorded positive production,17,1,2,4,0,5,True,False
226,'800,800,Uganda,'S2511,2511,Wheat and products,2023,2024,Model-generated 2024 early-warning estimate,106.69,True,Eligible for prospective scoring,0.3181731435231435,High warning: 30% or more,1,Within usual historical support,True,Eligible for headline ranking inputs,2,1,0,0,True,13.0,1.0,0.07692307692307693,2010.0,2022.0,Recorded positive production,19,1,0,2,0,5,True,False
197,'694,694,Sierra Leone,'S2511,2511,Wheat and products,2023,2024,Model-generated 2024 early-warning estimate,60.67,True,Eligible for prospective scoring,0.2914373015873017,Warning: 13% to below 30%,1,Heightened evidence review,True,Eligible for headline ranking inputs,23,1,0,0,True,13.0,4.0,0.3076923076923077,2010.0,2022.0,No production source row,14,5,1,3,0,5,True,False
196,'690,690,Seychelles,'S2552,2552,Groundnuts,2023,2024,Model-generated 2024 early-warning estimate,25.79,True,Eligible for prospective scoring,0.27994271284271294,Warning: 13% to below 30%,1,Heightened evidence review,True,Eligible for headline ranking inputs,38,1,0,0,True,13.0,3.0,0.23076923076923078,2010.0,2022.0,No production source row,13,7,0,3,0,5,True,False
72,'262,262,Djibouti,'S2552,2552,Groundnuts,2023,2024,Model-generated 2024 early-warning estimate,14.95,True,Eligible for prospective scoring,0.2715001942501942,Warning: 13% to below 30%,1,Heightened evidence review,True,Eligible for headline ranking inputs,45,1,0,0,True,4.0,2.0,0.5,2011.0,2021.0,No production source row,12,8,0,1,0,5,True,False
81,'288,288,Ghana,'S2517,2517,Millet and products,2023,2024,Model-generated 2024 early-warning estimate,44.08,True,Eligible for prospective scoring,0.2705971936560172,Warning: 13% to below 30%,1,Within usual historical support,True,Eligible for headline ranking inputs,4,1,0,0,True,13.0,3.0,0.23076923076923078,2010.0,2022.0,Recorded positive production,18,2,0,4,0,5,True,False
20,'072,072,Botswana,'S2518,2518,Sorghum and products,2023,2024,Model-generated 2024 early-warning estimate,91.82,True,Eligible for prospective scoring,0.26433539793539784,Warning: 13% to below 30%,1,Within usual historical support,True,Eligible for headline ranking inputs,2,1,0,0,True,13.0,5.0,0.38461538461538464,2010.0,2022.0,Recorded positive production,19,1,0,3,1,5,True,False
147,'516,516,Namibia,'S2517,2517,Millet and products,2023,2024,Model-generated 2024 early-warning estimate,43.35,True,Eligible for prospective scoring,0.2529823953823953,Warning: 13% to below 30%,1,Within usual historical support,True,Eligible for headline ranking inputs,6,1,0,0,True,13.0,3.0,0.23076923076923078,2010.0,2022.0,Recorded positive production,17,3,0,4,0,5,True,False
226,'800,800,Uganda,'S2807,2807,Rice and products,2023,2024,Model-generated 2024 early-warning estimate,90.7,True,Eligible for prospective scoring,0.25139516594516603,Warning: 13% to below 30%,1,Within usual historical support,True,Eligible for headline ranking inputs,4,1,0,0,True,13.0,3.0,0.23076923076923078,2010.0,2022.0,Recorded positive production,18,1,1,4,0,5,True,False
159,'566,566,Nigeria,'S2552,2552,Groundnuts,2023,2024,Model-generated 2024 early-warning estimate,99.49,True,Eligible for prospective scoring,0.25011277056277054,Warning: 13% to below 30%,1,Heightened evidence review,True,Eligible for headline ranking inputs,8,4,3,0,True,13.0,3.0,0.23076923076923078,2010.0,2022.0,Recorded positive production,17,2,1,1,1,5,True,False
136,'478,478,Mauritania,'S2518,2518,Sorghum and products,2023,2024,Model-generated 2024 early-warning estimate,115.13,True,Eligible for prospective scoring,0.24293961038961043,Warning: 13% to below 30%,1,Within usual historical support,True,Eligible for headline ranking inputs,13,1,0,0,True,13.0,6.0,0.46153846153846156,2010.0,2022.0,Recorded positive production,16,4,0,3,0,5,True,False
209,'748,748,Eswatini,'S2511,2511,Wheat and products,2023,2024,Model-generated 2024 early-warning estimate,294.82,True,Eligible for prospective scoring,0.24105815295815303,Warning: 13% to below 30%,1,Within usual historical support,True,Eligible for headline ranking inputs,5,1,0,0,True,13.0,1.0,0.07692307692307693,2010.0,2022.0,Recorded positive production,18,1,1,3,0,5,True,False
195,'686,686,Senegal,'S2535,2535,Yams,2023,2024,Model-generated 2024 early-warning estimate,15.27,True,Eligible for prospective scoring,0.24045991230991254,Warning: 13% to below 30%,1,Within usual historical support,True,Eligible for headline ranking inputs,16,1,0,0,True,8.0,0.0,0.0,2015.0,2022.0,Recorded positive production,15,4,1,3,0,5,True,False
197,'694,694,Sierra Leone,'S2552,2552,Groundnuts,2023,2024,Model-generated 2024 early-warning estimate,54.14,True,Eligible for prospective scoring,0.2389334554334553,Warning: 13% to below 30%,1,Within usual historical support,True,Eligible for headline ranking inputs,10,1,0,0,True,13.0,3.0,0.23076923076923078,2010.0,2022.0,Recorded positive production,17,3,0,3,0,5,True,False
7,'024,024,Angola,'S2552,2552,Groundnuts,2023,2024,Model-generated 2024 early-warning estimate,38.23,True,Eligible for prospective scoring,0.2385874458874458,Warning: 13% to below 30%,1,Within usual historical support,True,Eligible for headline ranking inputs,3,1,0,0,True,13.0,0.0,0.0,2010.0,2022.0,Recorded positive production,18,2,0,2,1,5,True,False
195,'686,686,Senegal,'S2552,2552,Groundnuts,2023,2024,Model-generated 2024 early-warning estimate,139.73,True,Eligible for prospective scoring,0.22597539682539675,Warning: 13% to below 30%,1,Within usual historical support,True,Eligible for headline ranking inputs,9,1,0,0,True,13.0,2.0,0.15384615384615385,2010.0,2022.0,Recorded positive production,17,2,1,0,0,5,True,False
215,'834,834,United Republic of Tanzania,'S2552,2552,Groundnuts,2023,2024,Model-generated 2024 early-warning estimate,55.53,True,Eligible for prospective scoring,0.22355454545454548,Warning: 13% to below 30%,1,Within usual historical support,True,Eligible for headline ranking inputs,7,1,0,0,True,13.0,2.0,0.15384615384615385,2010.0,2022.0,Recorded positive production,18,2,0,1,1,5,True,False
81,'288,288,Ghana,'S2511,2511,Wheat and products,2023,2024,Model-generated 2024 early-warning estimate,109.93,True,Eligible for prospective scoring,0.2219165223665224,Warning: 13% to below 30%,1,Heightened evidence review,True,Eligible for headline ranking inputs,22,1,0,0,True,13.0,2.0,0.15384615384615385,2010.0,2022.0,No production source row,16,4,0,1,1,5,True,False
202,'710,710,South Africa,'S2552,2552,Groundnuts,2023,2024,Model-generated 2024 early-warning estimate,16.21,True,Eligible for prospective scoring,0.22168737928737925,Warning: 13% to below 30%,1,Within usual historical support,True,Eligible for headline ranking inputs,2,1,0,0,True,12.0,0.0,0.0,2011.0,2022.0,Recorded positive production,18,2,0,1,1,5,True,False
130,'454,454,Malawi,'S2807,2807,Rice and products,2023,2024,Model-generated 2024 early-warning estimate,40.27,True,Eligible for prospective scoring,0.22157590187590195,Warning: 13% to below 30%,1,Within usual historical support,True,Eligible for headline ranking inputs,5,1,0,0,True,13.0,2.0,0.15384615384615385,2010.0,2022.0,Recorded positive production,17,1,2,2,1,5,True,False
107,'384,384,Côte d'Ivoire,'S2552,2552,Groundnuts,2023,2024,Model-generated 2024 early-warning estimate,48.51,True,Eligible for prospective scoring,0.21963275613275593,Warning: 13% to below 30%,1,Within usual historical support,True,Eligible for headline ranking inputs,9,1,0,0,True,13.0,2.0,0.15384615384615385,2010.0,2022.0,Recorded positive production,17,3,0,2,0,5,True,False
124,'434,434,Libya,'S2807,2807,Rice and products,2023,2024,Model-generated 2024 early-warning estimate,110.67,True,Eligible for prospective scoring,0.21932366522366536,Warning: 13% to below 30%,1,Heightened evidence review,True,Eligible for headline ranking inputs,26,1,0,0,True,13.0,1.0,0.07692307692307693,2010.0,2022.0,Source-present missing production,14,4,2,1,1,5,True,False
233,'854,854,Burkina Faso,'S2552,2552,Groundnuts,2023,2024,Model-generated 2024 early-warning estimate,120.31,True,Eligible for prospective scoring,0.21739559884559884,Warning: 13% to below 30%,1,Within usual historical support,True,Eligible for headline ranking inputs,3,1,0,0,True,13.0,1.0,0.07692307692307693,2010.0,2022.0,Recorded positive production,18,2,0,2,0,5,True,False
226,'800,800,Uganda,'S2532,2532,Cassava and products,2023,2024,Model-generated 2024 early-warning estimate,123.62,True,Eligible for prospective scoring,0.2110762681762682,Warning: 13% to below 30%,1,Within usual historical support,True,Eligible for headline ranking inputs,10,1,0,0,True,13.0,3.0,0.23076923076923078,2010.0,2022.0,Recorded positive production,17,2,1,3,0,5,True,False
250,'180,180,Democratic Republic of the Congo,'S2511,2511,Wheat and products,2023,2024,Model-generated 2024 early-warning estimate,36.31,True,Eligible for prospective scoring,0.20995158730158725,Warning: 13% to below 30%,1,Within usual historical support,True,Eligible for headline ranking inputs,3,1,0,0,True,13.0,4.0,0.3076923076923077,2010.0,2022.0,Recorded positive production,17,2,1,1,1,5,True,False
124,'434,434,Libya,'S2552,2552,Groundnuts,2023,2024,Model-generated 2024 early-warning estimate,20.16,True,Eligible for prospective scoring,0.20764913419913417,Warning: 13% to below 30%,1,Within usual historical support,True,Eligible for headline ranking inputs,18,1,0,0,True,13.0,0.0,0.0,2010.0,2022.0,Recorded positive production,15,4,1,2,0,5,True,False
136,'478,478,Mauritania,'S2514,2514,Maize and products,2023,2024,Model-generated 2024 early-warning estimate,53.83,True,Eligible for prospective scoring,0.20726298701298704,Warning: 13% to below 30%,1,Within usual historical support,True,Eligible for headline ranking inputs,11,1,0,0,True,13.0,4.0,0.3076923076923077,2010.0,2022.0,Recorded positive production,17,3,0,3,0,5,True,False
122,'426,426,Lesotho,'S2807,2807,Rice and products,2023,2024,Model-generated 2024 early-warning estimate,41.04,True,Eligible for prospective scoring,0.2024513431013431,Warning: 13% to below 30%,1,Heightened evidence review,True,Eligible for headline ranking inputs,30,1,0,0,True,13.0,4.0,0.3076923076923077,2010.0,2022.0,No production source row,13,6,1,2,0,5,True,False
181,'716,716,Zimbabwe,'S2552,2552,Groundnuts,2023,2024,Model-generated 2024 early-warning estimate,29.39,True,Eligible for prospective scoring,0.20013932178932176,Warning: 13% to below 30%,1,Within usual historical support,True,Eligible for headline ranking inputs,9,1,0,0,True,13.0,5.0,0.38461538461538464,2010.0,2022.0,Recorded positive production,17,3,0,2,0,5,True,False
147,'516,516,Namibia,'S2807,2807,Rice and products,2023,2024,Model-generated 2024 early-warning estimate,75.74,True,Eligible for prospective scoring,0.19358455988455983,Warning: 13% to below 30%,1,Heightened evidence review,True,Eligible for headline ranking inputs,25,1,0,0,True,13.0,1.0,0.07692307692307693,2010.0,2022.0,No production source row,15,5,0,2,0,5,True,False
158,'562,562,Niger,'S2552,2552,Groundnuts,2023,2024,Model-generated 2024 early-warning estimate,169.77,True,Eligible for prospective scoring,0.19339319569319566,Warning: 13% to below 30%,1,Within usual historical support,True,Eligible for headline ranking inputs,8,1,0,0,True,13.0,2.0,0.15384615384615385,2010.0,2022.0,Recorded positive production,17,3,0,3,0,5,True,False
184,'646,646,Rwanda,'S2807,2807,Rice and products,2023,2024,Model-generated 2024 early-warning estimate,166.63,True,Eligible for prospective scoring,0.19159444444444437,Warning: 13% to below 30%,1,Within usual historical support,True,Eligible for headline ranking inputs,5,1,0,0,True,13.0,3.0,0.23076923076923078,2010.0,2022.0,Recorded positive production,17,1,2,4,0,5,True,False
181,'716,716,Zimbabwe,'S2517,2517,Millet and products,2023,2024,Model-generated 2024 early-warning estimate,21.25,True,Eligible for prospective scoring,0.1908459116047351,Warning: 13% to below 30%,1,Within usual historical support,True,Eligible for headline ranking inputs,9,1,0,0,True,13.0,2.0,0.15384615384615385,2010.0,2022.0,Recorded positive production,17,2,1,3,0,4,False,False
114,'404,404,Kenya,'S2532,2532,Cassava and products,2023,2024,Model-generated 2024 early-warning estimate,67.32,True,Eligible for prospective scoring,0.19042222222222235,Warning: 13% to below 30%,1,Within usual historical support,True,Eligible for headline ranking inputs,7,1,0,0,True,13.0,3.0,0.23076923076923078,2010.0,2022.0,Recorded positive production,18,0,2,5,0,5,True,False
158,'562,562,Niger,'S2532,2532,Cassava and products,2023,2024,Model-generated 2024 early-warning estimate,42.89,True,Eligible for prospective scoring,0.18861818181818193,Warning: 13% to below 30%,1,Within usual historical support,True,Eligible for headline ranking inputs,11,1,0,0,True,13.0,3.0,0.23076923076923078,2010.0,2022.0,Recorded positive production,16,3,1,3,0,5,True,False
250,'180,180,Democratic Republic of the Congo,'S2552,2552,Groundnuts,2023,2024,Model-generated 2024 early-warning estimate,29.41,True,Eligible for prospective scoring,0.18667806637806647,Warning: 13% to below 30%,1,Within usual historical support,True,Eligible for headline ranking inputs,8,1,0,0,True,13.0,1.0,0.07692307692307693,2010.0,2022.0,Recorded positive production,18,2,0,2,0,5,True,False
137,'480,480,Mauritius,'S2532,2532,Cassava and products,2023,2024,Model-generated 2024 early-warning estimate,5.49,True,Eligible for prospective scoring,0.1861626984126985,Warning: 13% to below 30%,1,Limited evidence: priority manual review,False,Limited evidence support; retained in the warning register but excluded from headline ranking calculations,26,4,3,0,False,0.0,0.0,,0.0,0.0,Recorded positive production,16,3,1,4,0,5,True,False
226,'800,800,Uganda,'S2552,2552,Groundnuts,2023,2024,Model-generated 2024 early-warning estimate,23.54,True,Eligible for prospective scoring,0.18523542568542575,Warning: 13% to below 30%,1,Within usual historical support,True,Eligible for headline ranking inputs,9,1,0,0,True,13.0,4.0,0.3076923076923077,2010.0,2022.0,Recorded positive production,17,3,0,2,0,5,True,False
114,'404,404,Kenya,'S2807,2807,Rice and products,2023,2024,Model-generated 2024 early-warning estimate,184.04,True,Eligible for prospective scoring,0.18430692640692642,Warning: 13% to below 30%,1,Within usual historical support,True,Eligible for headline ranking inputs,2,1,0,0,True,13.0,2.0,0.15384615384615385,2010.0,2022.0,Recorded positive production,19,0,1,3,0,5,True,False
226,'800,800,Uganda,'S2514,2514,Maize and products,2023,2024,Model-generated 2024 early-warning estimate,649.54,True,Eligible for prospective scoring,0.18218196248196245,Warning: 13% to below 30%,1,Within usual historical support,True,Eligible for headline ranking inputs,3,1,0,0,True,13.0,2.0,0.15384615384615385,2010.0,2022.0,Recorded positive production,19,1,0,3,0,5,True,False
75,'270,270,Gambia,'S2552,2552,Groundnuts,2023,2024,Model-generated 2024 early-warning estimate,46.21,True,Eligible for prospective scoring,0.1820274891774892,Warning: 13% to below 30%,1,Within usual historical support,True,Eligible for headline ranking inputs,11,1,0,0,True,13.0,5.0,0.38461538461538464,2010.0,2022.0,Recorded positive production,17,3,0,4,0,5,True,False
4,'012,012,Algeria,'S2807,2807,Rice and products,2023,2024,Model-generated 2024 early-warning estimate,44.5,True,Eligible for prospective scoring,0.171652380952381,Warning: 13% to below 30%,1,Within usual historical support,True,Eligible for headline ranking inputs,8,1,0,0,True,13.0,0.0,0.0,2010.0,2022.0,Recorded zero production,17,2,1,6,0,5,True,False
122,'426,426,Lesotho,'S2511,2511,Wheat and products,2023,2024,Model-generated 2024 early-warning estimate,217.18,True,Eligible for prospective scoring,0.17054365079365083,Warning: 13% to below 30%,1,Within usual historical support,True,Eligible for headline ranking inputs,4,1,0,0,True,13.0,2.0,0.15384615384615385,2010.0,2022.0,Recorded positive production,17,3,0,2,0,5,True,False
130,'454,454,Malawi,'S2518,2518,Sorghum and products,2023,2024,Model-generated 2024 early-warning estimate,22.52,True,Eligible for prospective scoring,0.16975476190476177,Warning: 13% to below 30%,1,Within usual historical support,True,Eligible for headline ranking inputs,5,1,0,0,True,13.0,2.0,0.15384615384615385,2010.0,2022.0,Recorded positive production,18,2,0,5,0,5,True,False
197,'694,694,Sierra Leone,'S2518,2518,Sorghum and products,2023,2024,Model-generated 2024 early-warning estimate,33.8,True,Eligible for prospective scoring,0.16944170274170278,Warning: 13% to below 30%,1,Within usual historical support,True,Eligible for headline ranking inputs,6,1,0,0,True,13.0,2.0,0.15384615384615385,2010.0,2022.0,Recorded positive production,17,3,0,4,0,5,True,False
196,'690,690,Seychelles,'S2807,2807,Rice and products,2023,2024,Model-generated 2024 early-warning estimate,285.64,True,Eligible for prospective scoring,0.16861063381063385,Warning: 13% to below 30%,1,Heightened evidence review,True,Eligible for headline ranking inputs,27,1,0,0,True,13.0,2.0,0.15384615384615385,2010.0,2022.0,No production source row,16,4,0,5,0,5,True,False
59,'818,818,Egypt,'S2518,2518,Sorghum and products,2023,2024,Model-generated 2024 early-warning estimate,25.94,True,Eligible for prospective scoring,0.1685497113997114,Warning: 13% to below 30%,1,Within usual historical support,True,Eligible for headline ranking inputs,3,1,0,0,True,13.0,3.0,0.23076923076923078,2010.0,2022.0,Recorded positive production,18,2,0,2,0,5,True,False
45,'174,174,Comoros,'S2511,2511,Wheat and products,2023,2024,Model-generated 2024 early-warning estimate,158.11,True,Eligible for prospective scoring,0.16704603174603164,Warning: 13% to below 30%,1,Heightened evidence review,True,Eligible for headline ranking inputs,29,1,0,0,True,13.0,1.0,0.07692307692307693,2010.0,2022.0,No production source row,13,5,2,3,0,5,True,False
209,'748,748,Eswatini,'S2552,2552,Groundnuts,2023,2024,Model-generated 2024 early-warning estimate,30.18,True,Eligible for prospective scoring,0.16398427128427134,Warning: 13% to below 30%,1,Within usual historical support,True,Eligible for headline ranking inputs,13,1,0,0,True,13.0,4.0,0.3076923076923077,2010.0,2022.0,Recorded positive production,16,4,0,4,0,5,True,False
215,'834,834,United Republic of Tanzania,'S2511,2511,Wheat and products,2023,2024,Model-generated 2024 early-warning estimate,99.68,True,Eligible for prospective scoring,0.16333063603063605,Warning: 13% to below 30%,1,Heightened evidence review,True,Eligible for headline ranking inputs,2,2,1,0,True,13.0,3.0,0.23076923076923078,2010.0,2022.0,Recorded positive production,18,1,1,1,0,5,True,False
158,'562,562,Niger,'S2517,2517,Millet and products,2023,2024,Model-generated 2024 early-warning estimate,709.93,True,Eligible for prospective scoring,0.16190223665223674,Warning: 13% to below 30%,1,Within usual historical support,True,Eligible for headline ranking inputs,4,1,0,0,True,13.0,2.0,0.15384615384615385,2010.0,2022.0,Recorded positive production,17,2,1,1,0,5,True,False
251,'894,894,Zambia,'S2511,2511,Wheat and products,2023,2024,Model-generated 2024 early-warning estimate,72.71,True,Eligible for prospective scoring,0.1612453601953602,Warning: 13% to below 30%,1,Within usual historical support,True,Eligible for headline ranking inputs,1,1,0,0,True,13.0,4.0,0.3076923076923077,2010.0,2022.0,Recorded positive production,19,1,0,1,0,5,True,False
137,'480,480,Mauritius,'S2552,2552,Groundnuts,2023,2024,Model-generated 2024 early-warning estimate,26.59,True,Eligible for prospective scoring,0.15904436090225565,Warning: 13% to below 30%,1,Within usual historical support,True,Eligible for headline ranking inputs,13,1,0,0,True,13.0,0.0,0.0,2010.0,2022.0,Recorded zero production,17,3,0,7,0,5,True,False
74,'266,266,Gabon,'S2514,2514,Maize and products,2023,2024,Model-generated 2024 early-warning estimate,143.88,True,Eligible for prospective scoring,0.15850324675324673,Warning: 13% to below 30%,1,Within usual historical support,True,Eligible for headline ranking inputs,6,1,0,0,True,13.0,0.0,0.0,2010.0,2022.0,Recorded positive production,18,1,1,4,0,5,True,False
181,'716,716,Zimbabwe,'S2511,2511,Wheat and products,2023,2024,Model-generated 2024 early-warning estimate,247.89,True,Eligible for prospective scoring,0.15382034632034638,Warning: 13% to below 30%,1,Within usual historical support,True,Eligible for headline ranking inputs,2,1,0,0,True,13.0,1.0,0.07692307692307693,2010.0,2022.0,Recorded positive production,18,2,0,0,0,5,True,False
90,'324,324,Guinea,'S2552,2552,Groundnuts,2023,2024,Model-generated 2024 early-warning estimate,72.57,True,Eligible for prospective scoring,0.1528498737373738,Warning: 13% to below 30%,1,Within usual historical support,True,Eligible for headline ranking inputs,9,1,0,0,True,13.0,2.0,0.15384615384615385,2010.0,2022.0,Recorded positive production,17,3,0,2,0,5,True,False
175,'624,624,Guinea-Bissau,'S2514,2514,Maize and products,2023,2024,Model-generated 2024 early-warning estimate,78.37,True,Eligible for prospective scoring,0.15178088023088032,Warning: 13% to below 30%,1,Within usual historical support,True,Eligible for headline ranking inputs,10,1,0,0,True,13.0,1.0,0.07692307692307693,2010.0,2022.0,Recorded positive production,18,2,0,6,0,5,True,False
46,'178,178,Congo,'S2807,2807,Rice and products,2023,2024,Model-generated 2024 early-warning estimate,111.15,True,Eligible for prospective scoring,0.15040634920634918,Warning: 13% to below 30%,1,Within usual historical support,True,Eligible for headline ranking inputs,4,1,0,0,True,13.0,2.0,0.15384615384615385,2010.0,2022.0,Recorded positive production,19,1,0,6,1,5,True,False
181,'716,716,Zimbabwe,'S2518,2518,Sorghum and products,2023,2024,Model-generated 2024 early-warning estimate,26.11,True,Eligible for prospective scoring,0.148218759018759,Warning: 13% to below 30%,1,Within usual historical support,True,Eligible for headline ranking inputs,3,1,0,0,True,13.0,4.0,0.3076923076923077,2010.0,2022.0,Recorded positive production,18,2,0,1,0,5,True,False
197,'694,694,Sierra Leone,'S2517,2517,Millet and products,2023,2024,Model-generated 2024 early-warning estimate,34.53,True,Eligible for prospective scoring,0.145727922077922,Warning: 13% to below 30%,1,Within usual historical support,True,Eligible for headline ranking inputs,13,1,0,0,True,13.0,2.0,0.15384615384615385,2010.0,2022.0,Recorded positive production,16,3,1,3,0,5,True,False
114,'404,404,Kenya,'S2518,2518,Sorghum and products,2023,2024,Model-generated 2024 early-warning estimate,26.8,True,Eligible for prospective scoring,0.14330158730158735,Warning: 13% to below 30%,1,Within usual historical support,True,Eligible for headline ranking inputs,0,1,0,0,True,13.0,2.0,0.15384615384615385,2010.0,2022.0,Recorded positive production,20,0,0,2,2,5,True,False
124,'434,434,Libya,'S2511,2511,Wheat and products,2023,2024,Model-generated 2024 early-warning estimate,692.21,True,Eligible for prospective scoring,0.14263383838383845,Warning: 13% to below 30%,1,Within usual historical support,True,Eligible for headline ranking inputs,3,1,0,0,True,13.0,1.0,0.07692307692307693,2010.0,2022.0,Recorded positive production,18,2,0,2,1,5,True,False
251,'894,894,Zambia,'S2532,2532,Cassava and products,2023,2024,Model-generated 2024 early-warning estimate,507.93,True,Eligible for prospective scoring,0.14025964590964599,Warning: 13% to below 30%,1,Within usual historical support,True,Eligible for headline ranking inputs,12,1,0,0,True,13.0,2.0,0.15384615384615385,2010.0,2022.0,Recorded positive production,17,2,1,4,1,5,True,False
159,'566,566,Nigeria,'S2517,2517,Millet and products,2023,2024,Model-generated 2024 early-warning estimate,47.7,True,Eligible for prospective scoring,0.1346284992784993,Warning: 13% to below 30%,1,Heightened evidence review,True,Eligible for headline ranking inputs,5,4,3,0,True,13.0,2.0,0.15384615384615385,2010.0,2022.0,Recorded positive production,17,2,1,3,0,5,True,False
193,'678,678,Sao Tome and Principe,'S2511,2511,Wheat and products,2023,2024,Model-generated 2024 early-warning estimate,355.51,True,Eligible for prospective scoring,0.13368896103896105,Warning: 13% to below 30%,1,Heightened evidence review,True,Eligible for headline ranking inputs,38,1,0,0,True,13.0,1.0,0.07692307692307693,2010.0,2022.0,No production source row,13,5,2,3,0,5,True,False
215,'834,834,United Republic of Tanzania,'S2518,2518,Sorghum and products,2023,2024,Model-generated 2024 early-warning estimate,40.34,True,Eligible for prospective scoring,0.13226630591630595,Warning: 13% to below 30%,1,Within usual historical support,True,Eligible for headline ranking inputs,2,1,0,0,True,13.0,2.0,0.15384615384615385,2010.0,2022.0,Recorded positive production,18,2,0,2,1,5,True,False
45,'174,174,Comoros,'S2532,2532,Cassava and products,2023,2024,Model-generated 2024 early-warning estimate,199.14,True,Eligible for prospective scoring,0.13094401154401158,Warning: 13% to below 30%,1,Heightened evidence review,True,Eligible for headline ranking inputs,30,1,0,0,True,13.0,1.0,0.07692307692307693,2010.0,2022.0,Recorded positive production,13,4,3,2,0,5,True,False
175,'624,624,Guinea-Bissau,'S2532,2532,Cassava and products,2023,2024,Model-generated 2024 early-warning estimate,82.19,True,Eligible for prospective scoring,0.12885111832611837,Watch: 5% to below 13%,0,Within usual historical support,True,Eligible for headline ranking inputs,18,1,0,0,True,13.0,2.0,0.15384615384615385,2010.0,2022.0,Recorded positive production,15,5,0,2,1,5,True,False
144,'508,508,Mozambique,'S2518,2518,Sorghum and products,2023,2024,Model-generated 2024 early-warning estimate,29.95,True,Eligible for prospective scoring,0.12761277056277054,Watch: 5% to below 13%,0,Within usual historical support,True,Eligible for headline ranking inputs,7,1,0,0,True,13.0,2.0,0.15384615384615385,2010.0,2022.0,Recorded positive production,18,2,0,4,0,5,True,False
238,'231,231,Ethiopia,'S2552,2552,Groundnuts,2023,2024,Model-generated 2024 early-warning estimate,9.61,True,Eligible for prospective scoring,0.12600923520923527,Watch: 5% to below 13%,0,Within usual historical support,True,Eligible for headline ranking inputs,13,1,0,0,True,12.0,2.0,0.16666666666666666,2010.0,2022.0,Recorded positive production,16,3,1,1,1,5,True,False
158,'562,562,Niger,'S2511,2511,Wheat and products,2023,2024,Model-generated 2024 early-warning estimate,33.06,True,Eligible for prospective scoring,0.12490202020202024,Watch: 5% to below 13%,0,Within usual historical support,True,Eligible for headline ranking inputs,6,1,0,0,True,13.0,5.0,0.38461538461538464,2010.0,2022.0,Recorded positive production,17,2,1,4,0,5,True,False
59,'818,818,Egypt,'S2552,2552,Groundnuts,2023,2024,Model-generated 2024 early-warning estimate,10.57,True,Eligible for prospective scoring,0.1217476190476191,Watch: 5% to below 13%,0,Within usual historical support,True,Eligible for headline ranking inputs,7,1,0,0,True,13.0,2.0,0.15384615384615385,2010.0,2022.0,Recorded positive production,18,1,1,2,0,5,True,False
72,'262,262,Djibouti,'S2518,2518,Sorghum and products,2023,2024,Model-generated 2024 early-warning estimate,6.27,True,Eligible for prospective scoring,0.12132063492063493,Watch: 5% to below 13%,0,Heightened evidence review,True,Eligible for headline ranking inputs,26,1,0,0,True,9.0,1.0,0.1111111111111111,2012.0,2020.0,No production source row,14,6,0,2,0,5,True,False
45,'174,174,Comoros,'S2535,2535,Yams,2023,2024,Model-generated 2024 early-warning estimate,71.24,True,Eligible for prospective scoring,0.12004682539682544,Watch: 5% to below 13%,0,Within usual historical support,True,Eligible for headline ranking inputs,14,1,0,0,True,13.0,0.0,0.0,2010.0,2022.0,Recorded positive production,16,3,1,4,0,5,True,False
81,'288,288,Ghana,'S2552,2552,Groundnuts,2023,2024,Model-generated 2024 early-warning estimate,86.81,True,Eligible for prospective scoring,0.11963766233766232,Watch: 5% to below 13%,0,Within usual historical support,True,Eligible for headline ranking inputs,9,1,0,0,True,13.0,2.0,0.15384615384615385,2010.0,2022.0,Recorded positive production,17,3,0,2,0,5,True,False
20,'072,072,Botswana,'S2807,2807,Rice and products,2023,2024,Model-generated 2024 early-warning estimate,160.51,True,Eligible for prospective scoring,0.1192626984126984,Watch: 5% to below 13%,0,Heightened evidence review,True,Eligible for headline ranking inputs,23,1,0,0,True,13.0,1.0,0.07692307692307693,2010.0,2022.0,No production source row,16,4,0,3,0,5,True,False
35,'132,132,Cabo Verde,'S2807,2807,Rice and products,2023,2024,Model-generated 2024 early-warning estimate,558.18,True,Eligible for prospective scoring,0.11871111111111114,Watch: 5% to below 13%,0,Heightened evidence review,True,Eligible for headline ranking inputs,30,1,0,0,True,13.0,3.0,0.23076923076923078,2010.0,2022.0,No production source row,15,3,2,3,0,5,True,False
202,'710,710,South Africa,'S2807,2807,Rice and products,2023,2024,Model-generated 2024 early-warning estimate,151.69,True,Eligible for prospective scoring,0.11815952380952376,Watch: 5% to below 13%,0,Within usual historical support,True,Eligible for headline ranking inputs,5,1,0,0,True,13.0,0.0,0.0,2010.0,2022.0,Recorded positive production,18,1,1,3,0,5,True,False
75,'270,270,Gambia,'S2511,2511,Wheat and products,2023,2024,Model-generated 2024 early-warning estimate,286.88,True,Eligible for prospective scoring,0.11513037518037521,Watch: 5% to below 13%,0,Heightened evidence review,True,Eligible for headline ranking inputs,26,1,0,0,True,13.0,1.0,0.07692307692307693,2010.0,2022.0,No production source row,14,4,2,1,2,5,True,False
251,'894,894,Zambia,'S2517,2517,Millet and products,2023,2024,Model-generated 2024 early-warning estimate,6.95,True,Eligible for prospective scoring,0.11353571428571428,Watch: 5% to below 13%,0,Within usual historical support,True,Eligible for headline ranking inputs,5,1,0,0,True,10.0,0.0,0.0,2010.0,2021.0,Recorded positive production,18,2,0,4,0,5,True,False
226,'800,800,Uganda,'S2517,2517,Millet and products,2023,2024,Model-generated 2024 early-warning estimate,16.32,True,Eligible for prospective scoring,0.11310346320346323,Watch: 5% to below 13%,0,Within usual historical support,True,Eligible for headline ranking inputs,5,1,0,0,True,13.0,3.0,0.23076923076923078,2010.0,2022.0,Recorded positive production,18,2,0,3,0,5,True,False
251,'894,894,Zambia,'S2552,2552,Groundnuts,2023,2024,Model-generated 2024 early-warning estimate,76.08,True,Eligible for prospective scoring,0.1128704184704185,Watch: 5% to below 13%,0,Within usual historical support,True,Eligible for headline ranking inputs,9,1,0,0,True,13.0,3.0,0.23076923076923078,2010.0,2022.0,Recorded positive production,17,3,0,2,0,5,True,False
158,'562,562,Niger,'S2514,2514,Maize and products,2023,2024,Model-generated 2024 early-warning estimate,13.47,True,Eligible for prospective scoring,0.11264920634920633,Watch: 5% to below 13%,0,Within usual historical support,True,Eligible for headline ranking inputs,8,1,0,0,True,13.0,5.0,0.38461538461538464,2010.0,2022.0,Recorded positive production,18,1,1,3,1,5,True,False
226,'800,800,Uganda,'S2518,2518,Sorghum and products,2023,2024,Model-generated 2024 early-warning estimate,10.03,True,Eligible for prospective scoring,0.11252857142857145,Watch: 5% to below 13%,0,Within usual historical support,True,Eligible for headline ranking inputs,4,1,0,0,True,11.0,5.0,0.45454545454545453,2010.0,2022.0,Recorded positive production,18,2,0,3,0,5,True,False
114,'404,404,Kenya,'S2517,2517,Millet and products,2023,2024,Model-generated 2024 early-warning estimate,13.47,True,Eligible for prospective scoring,0.11249153069153064,Watch: 5% to below 13%,0,Within usual historical support,True,Eligible for headline ranking inputs,1,1,0,0,True,13.0,2.0,0.15384615384615385,2010.0,2022.0,Recorded positive production,20,0,0,3,2,5,True,False
184,'646,646,Rwanda,'S2518,2518,Sorghum and products,2023,2024,Model-generated 2024 early-warning estimate,110.17,True,Eligible for prospective scoring,0.11200873015873022,Watch: 5% to below 13%,0,Within usual historical support,True,Eligible for headline ranking inputs,10,1,0,0,True,13.0,0.0,0.0,2010.0,2022.0,Recorded positive production,17,2,1,3,0,5,True,False
158,'562,562,Niger,'S2807,2807,Rice and products,2023,2024,Model-generated 2024 early-warning estimate,250.61,True,Eligible for prospective scoring,0.10818686868686873,Watch: 5% to below 13%,0,Within usual historical support,True,Eligible for headline ranking inputs,7,1,0,0,True,13.0,1.0,0.07692307692307693,2010.0,2022.0,Recorded positive production,18,2,0,2,1,5,True,False
143,'504,504,Morocco,'S2807,2807,Rice and products,2023,2024,Model-generated 2024 early-warning estimate,24.79,True,Eligible for prospective scoring,0.10787041847041848,Watch: 5% to below 13%,0,Within usual historical support,True,Eligible for headline ranking inputs,2,1,0,0,True,13.0,2.0,0.15384615384615385,2010.0,2022.0,Recorded positive production,18,2,0,2,0,5,True,False
124,'434,434,Libya,'S2514,2514,Maize and products,2023,2024,Model-generated 2024 early-warning estimate,21.25,True,Eligible for prospective scoring,0.10443658008658009,Watch: 5% to below 13%,0,Within usual historical support,True,Eligible for headline ranking inputs,5,1,0,0,True,13.0,2.0,0.15384615384615385,2010.0,2022.0,Recorded positive production,17,3,0,4,0,5,True,False
238,'231,231,Ethiopia,'S2517,2517,Millet and products,2023,2024,Model-generated 2024 early-warning estimate,61.93,True,Eligible for prospective scoring,0.10222936507936514,Watch: 5% to below 13%,0,Within usual historical support,True,Eligible for headline ranking inputs,3,1,0,0,True,13.0,0.0,0.0,2010.0,2022.0,Recorded positive production,18,2,0,2,1,5,True,False
32,'120,120,Cameroon,'S2552,2552,Groundnuts,2023,2024,Model-generated 2024 early-warning estimate,67.8,True,Eligible for prospective scoring,0.10155555555555557,Watch: 5% to below 13%,0,Within usual historical support,True,Eligible for headline ranking inputs,10,1,0,0,True,13.0,3.0,0.23076923076923078,2010.0,2022.0,Recorded positive production,17,3,0,4,0,5,True,False
59,'818,818,Egypt,'S2807,2807,Rice and products,2023,2024,Model-generated 2024 early-warning estimate,317.88,True,Eligible for prospective scoring,0.0984134920634921,Watch: 5% to below 13%,0,Within usual historical support,True,Eligible for headline ranking inputs,2,1,0,0,True,13.0,0.0,0.0,2010.0,2022.0,Recorded positive production,19,0,1,2,1,5,True,False
193,'678,678,Sao Tome and Principe,'S2514,2514,Maize and products,2023,2024,Model-generated 2024 early-warning estimate,52.46,True,Eligible for prospective scoring,0.09821226551226549,Watch: 5% to below 13%,0,Within usual historical support,True,Eligible for headline ranking inputs,14,1,0,0,True,13.0,3.0,0.23076923076923078,2010.0,2022.0,Recorded positive production,16,2,2,5,0,5,True,False
7,'024,024,Angola,'S2807,2807,Rice and products,2023,2024,Model-generated 2024 early-warning estimate,96.27,True,Eligible for prospective scoring,0.09696587301587302,Watch: 5% to below 13%,0,Within usual historical support,True,Eligible for headline ranking inputs,2,1,0,0,True,13.0,0.0,0.0,2010.0,2022.0,Recorded positive production,18,1,1,3,1,5,True,False
202,'710,710,South Africa,'S2518,2518,Sorghum and products,2023,2024,Model-generated 2024 early-warning estimate,5.08,True,Eligible for prospective scoring,0.09574255189255192,Watch: 5% to below 13%,0,Heightened evidence review,True,Eligible for headline ranking inputs,3,2,1,0,True,9.0,1.0,0.1111111111111111,2011.0,2021.0,Recorded positive production,18,2,0,2,0,5,True,False
184,'646,646,Rwanda,'S2514,2514,Maize and products,2023,2024,Model-generated 2024 early-warning estimate,307.47,True,Eligible for prospective scoring,0.09470952380952381,Watch: 5% to below 13%,0,Within usual historical support,True,Eligible for headline ranking inputs,3,1,0,0,True,13.0,2.0,0.15384615384615385,2010.0,2022.0,Recorded positive production,18,1,1,4,0,5,True,False
107,'384,384,Côte d'Ivoire,'S2514,2514,Maize and products,2023,2024,Model-generated 2024 early-warning estimate,161.51,True,Eligible for prospective scoring,0.09226031746031742,Watch: 5% to below 13%,0,Within usual historical support,True,Eligible for headline ranking inputs,2,1,0,0,True,13.0,1.0,0.07692307692307693,2010.0,2022.0,Recorded positive production,18,1,1,1,0,5,True,False
175,'624,624,Guinea-Bissau,'S2552,2552,Groundnuts,2023,2024,Model-generated 2024 early-warning estimate,76.61,True,Eligible for prospective scoring,0.0909578421578422,Watch: 5% to below 13%,0,Within usual historical support,True,Eligible for headline ranking inputs,10,1,0,0,True,13.0,0.0,0.0,2010.0,2022.0,Recorded positive production,17,3,0,4,0,5,True,False
130,'454,454,Malawi,'S2517,2517,Millet and products,2023,2024,Model-generated 2024 early-warning estimate,18.75,True,Eligible for prospective scoring,0.09092362278244633,Watch: 5% to below 13%,0,Within usual historical support,True,Eligible for headline ranking inputs,4,1,0,0,True,13.0,1.0,0.07692307692307693,2010.0,2022.0,Recorded positive production,17,2,1,4,0,5,True,False
147,'516,516,Namibia,'S2518,2518,Sorghum and products,2023,2024,Model-generated 2024 early-warning estimate,6.6,True,Eligible for prospective scoring,0.09055108225108226,Watch: 5% to below 13%,0,Within usual historical support,True,Eligible for headline ranking inputs,11,1,0,0,True,13.0,2.0,0.15384615384615385,2010.0,2022.0,Recorded positive production,17,2,1,7,0,5,True,False
196,'690,690,Seychelles,'S2511,2511,Wheat and products,2023,2024,Model-generated 2024 early-warning estimate,574.34,True,Eligible for prospective scoring,0.0889875457875458,Watch: 5% to below 13%,0,Heightened evidence review,True,Eligible for headline ranking inputs,21,1,0,0,True,13.0,1.0,0.07692307692307693,2010.0,2022.0,No production source row,16,3,1,5,0,5,True,False
137,'480,480,Mauritius,'S2807,2807,Rice and products,2023,2024,Model-generated 2024 early-warning estimate,345.91,True,Eligible for prospective scoring,0.088544227994228,Watch: 5% to below 13%,0,Within usual historical support,True,Eligible for headline ranking inputs,9,1,0,0,True,13.0,1.0,0.07692307692307693,2010.0,2022.0,Recorded zero production,18,1,1,4,1,5,True,False
159,'566,566,Nigeria,'S2535,2535,Yams,2023,2024,Model-generated 2024 early-warning estimate,224.8,True,Eligible for prospective scoring,0.08711471861471862,Watch: 5% to below 13%,0,Heightened evidence review,True,Eligible for headline ranking inputs,8,12,11,0,True,13.0,1.0,0.07692307692307693,2010.0,2022.0,Recorded positive production,18,2,0,3,0,5,True,False
45,'174,174,Comoros,'S2514,2514,Maize and products,2023,2024,Model-generated 2024 early-warning estimate,150.37,True,Eligible for prospective scoring,0.08683015873015876,Watch: 5% to below 13%,0,Within usual historical support,True,Eligible for headline ranking inputs,10,1,0,0,True,13.0,0.0,0.0,2010.0,2022.0,Recorded positive production,17,2,1,4,0,5,True,False
181,'716,716,Zimbabwe,'S2807,2807,Rice and products,2023,2024,Model-generated 2024 early-warning estimate,121.37,True,Eligible for prospective scoring,0.08569047619047619,Watch: 5% to below 13%,0,Within usual historical support,True,Eligible for headline ranking inputs,9,1,0,0,True,13.0,2.0,0.15384615384615385,2010.0,2022.0,Recorded zero production,18,2,0,5,0,5,True,False
144,'508,508,Mozambique,'S2511,2511,Wheat and products,2023,2024,Model-generated 2024 early-warning estimate,164.74,True,Eligible for prospective scoring,0.08530060495060494,Watch: 5% to below 13%,0,Within usual historical support,True,Eligible for headline ranking inputs,3,1,0,0,True,13.0,2.0,0.15384615384615385,2010.0,2022.0,Recorded positive production,18,1,1,1,1,5,True,False
238,'231,231,Ethiopia,'S2807,2807,Rice and products,2023,2024,Model-generated 2024 early-warning estimate,52.31,True,Eligible for prospective scoring,0.08447886002886,Watch: 5% to below 13%,0,Within usual historical support,True,Eligible for headline ranking inputs,9,1,0,0,True,13.0,1.0,0.07692307692307693,2010.0,2022.0,Recorded positive production,17,3,0,3,1,5,True,False
159,'566,566,Nigeria,'S2511,2511,Wheat and products,2023,2024,Model-generated 2024 early-warning estimate,146.49,True,Eligible for prospective scoring,0.08415952380952384,Watch: 5% to below 13%,0,Heightened evidence review,True,Eligible for headline ranking inputs,3,4,3,0,True,13.0,0.0,0.0,2010.0,2022.0,Recorded positive production,18,1,1,2,0,5,True,False
215,'834,834,United Republic of Tanzania,'S2517,2517,Millet and products,2023,2024,Model-generated 2024 early-warning estimate,15.91,True,Eligible for prospective scoring,0.08117936507936506,Watch: 5% to below 13%,0,Within usual historical support,True,Eligible for headline ranking inputs,3,1,0,0,True,13.0,1.0,0.07692307692307693,2010.0,2022.0,Recorded positive production,18,2,0,2,0,5,True,False
209,'748,748,Eswatini,'S2807,2807,Rice and products,2023,2024,Model-generated 2024 early-warning estimate,251.35,True,Eligible for prospective scoring,0.08079285714285717,Watch: 5% to below 13%,0,Within usual historical support,True,Eligible for headline ranking inputs,4,1,0,0,True,13.0,2.0,0.15384615384615385,2010.0,2022.0,Recorded positive production,19,1,0,5,0,5,True,False
72,'262,262,Djibouti,'S2514,2514,Maize and products,2023,2024,Model-generated 2024 early-warning estimate,6.58,True,Eligible for prospective scoring,0.08063759018759019,Watch: 5% to below 13%,0,Within usual historical support,True,Eligible for headline ranking inputs,10,1,0,0,True,6.0,3.0,0.5,2012.0,2022.0,Recorded zero production,17,2,1,4,0,5,True,False
7,'024,024,Angola,'S2511,2511,Wheat and products,2023,2024,Model-generated 2024 early-warning estimate,153.4,True,Eligible for prospective scoring,0.08047886002886002,Watch: 5% to below 13%,0,Within usual historical support,True,Eligible for headline ranking inputs,1,1,0,0,True,13.0,1.0,0.07692307692307693,2010.0,2022.0,Recorded positive production,19,1,0,2,1,5,True,False
159,'566,566,Nigeria,'S2807,2807,Rice and products,2023,2024,Model-generated 2024 early-warning estimate,213.09,True,Eligible for prospective scoring,0.08044783549783553,Watch: 5% to below 13%,0,Heightened evidence review,True,Eligible for headline ranking inputs,5,4,3,0,True,13.0,2.0,0.15384615384615385,2010.0,2022.0,Recorded positive production,17,2,1,2,1,5,True,False
114,'404,404,Kenya,'S2511,2511,Wheat and products,2023,2024,Model-generated 2024 early-warning estimate,190.06,True,Eligible for prospective scoring,0.0804383116883117,Watch: 5% to below 13%,0,Within usual historical support,True,Eligible for headline ranking inputs,0,1,0,0,True,13.0,2.0,0.15384615384615385,2010.0,2022.0,Recorded positive production,20,0,0,1,1,5,True,False
107,'384,384,Côte d'Ivoire,'S2511,2511,Wheat and products,2023,2024,Model-generated 2024 early-warning estimate,155.94,True,Eligible for prospective scoring,0.08000555555555557,Watch: 5% to below 13%,0,Heightened evidence review,True,Eligible for headline ranking inputs,24,1,0,0,True,13.0,0.0,0.0,2010.0,2022.0,No production source row,15,4,1,2,0,5,True,False
90,'324,324,Guinea,'S2535,2535,Yams,2023,2024,Model-generated 2024 early-warning estimate,43.09,True,Eligible for prospective scoring,0.07886269841269841,Watch: 5% to below 13%,0,Within usual historical support,True,Eligible for headline ranking inputs,15,1,0,0,True,13.0,0.0,0.0,2010.0,2022.0,Recorded positive production,16,4,0,3,0,5,True,False
147,'516,516,Namibia,'S2552,2552,Groundnuts,2023,2024,Model-generated 2024 early-warning estimate,6.56,True,Eligible for prospective scoring,0.0788126984126984,Watch: 5% to below 13%,0,Within usual historical support,True,Eligible for headline ranking inputs,11,1,0,0,True,11.0,1.0,0.09090909090909091,2012.0,2022.0,Recorded positive production,16,4,0,3,0,5,True,False
175,'624,624,Guinea-Bissau,'S2518,2518,Sorghum and products,2023,2024,Model-generated 2024 early-warning estimate,66.61,True,Eligible for prospective scoring,0.07859523809523808,Watch: 5% to below 13%,0,Heightened evidence review,True,Eligible for headline ranking inputs,20,1,0,0,True,13.0,2.0,0.15384615384615385,2010.0,2022.0,Recorded positive production,16,3,1,3,0,4,False,False
144,'508,508,Mozambique,'S2807,2807,Rice and products,2023,2024,Model-generated 2024 early-warning estimate,252.99,True,Eligible for prospective scoring,0.07650873015873016,Watch: 5% to below 13%,0,Within usual historical support,True,Eligible for headline ranking inputs,1,1,0,0,True,13.0,0.0,0.0,2010.0,2022.0,Recorded positive production,19,1,0,2,1,5,True,False
251,'894,894,Zambia,'S2807,2807,Rice and products,2023,2024,Model-generated 2024 early-warning estimate,30.57,True,Eligible for prospective scoring,0.07475970695970695,Watch: 5% to below 13%,0,Within usual historical support,True,Eligible for headline ranking inputs,2,1,0,0,True,13.0,2.0,0.15384615384615385,2010.0,2022.0,Recorded positive production,18,1,1,1,0,5,True,False
195,'686,686,Senegal,'S2518,2518,Sorghum and products,2023,2024,Model-generated 2024 early-warning estimate,106.81,True,Eligible for prospective scoring,0.0742265068265068,Watch: 5% to below 13%,0,Within usual historical support,True,Eligible for headline ranking inputs,8,1,0,0,True,13.0,2.0,0.15384615384615385,2010.0,2022.0,Recorded positive production,17,2,1,4,0,5,True,False
215,'834,834,United Republic of Tanzania,'S2532,2532,Cassava and products,2023,2024,Model-generated 2024 early-warning estimate,304.35,True,Eligible for prospective scoring,0.0715531746031746,Watch: 5% to below 13%,0,Within usual historical support,True,Eligible for headline ranking inputs,9,1,0,0,True,13.0,1.0,0.07692307692307693,2010.0,2022.0,Recorded positive production,17,2,1,1,0,5,True,False
81,'288,288,Ghana,'S2518,2518,Sorghum and products,2023,2024,Model-generated 2024 early-warning estimate,70.9,True,Eligible for prospective scoring,0.06862842712842712,Watch: 5% to below 13%,0,Within usual historical support,True,Eligible for headline ranking inputs,5,1,0,0,True,13.0,0.0,0.0,2010.0,2022.0,Recorded positive production,18,2,0,4,1,5,True,False
215,'834,834,United Republic of Tanzania,'S2807,2807,Rice and products,2023,2024,Model-generated 2024 early-warning estimate,298.82,True,Eligible for prospective scoring,0.06844062049062048,Watch: 5% to below 13%,0,Within usual historical support,True,Eligible for headline ranking inputs,2,1,0,0,True,13.0,0.0,0.0,2010.0,2022.0,Recorded positive production,18,1,1,1,0,5,True,False
158,'562,562,Niger,'S2518,2518,Sorghum and products,2023,2024,Model-generated 2024 early-warning estimate,390.07,True,Eligible for prospective scoring,0.06793773448773448,Watch: 5% to below 13%,0,Within usual historical support,True,Eligible for headline ranking inputs,11,1,0,0,True,13.0,3.0,0.23076923076923078,2010.0,2022.0,Recorded positive production,16,2,2,1,1,5,True,False
193,'678,678,Sao Tome and Principe,'S2807,2807,Rice and products,2023,2024,Model-generated 2024 early-warning estimate,411.22,True,Eligible for prospective scoring,0.06712460317460321,Watch: 5% to below 13%,0,Heightened evidence review,True,Eligible for headline ranking inputs,31,1,0,0,True,13.0,0.0,0.0,2010.0,2022.0,No production source row,14,5,1,3,1,5,True,False
233,'854,854,Burkina Faso,'S2511,2511,Wheat and products,2023,2024,Model-generated 2024 early-warning estimate,96.18,True,Eligible for prospective scoring,0.06478095238095238,Watch: 5% to below 13%,0,Within usual historical support,True,Eligible for headline ranking inputs,16,1,0,0,True,13.0,0.0,0.0,2010.0,2022.0,Source-present missing production,16,2,2,1,0,5,True,False
184,'646,646,Rwanda,'S2532,2532,Cassava and products,2023,2024,Model-generated 2024 early-warning estimate,295.47,True,Eligible for prospective scoring,0.06408174603174602,Watch: 5% to below 13%,0,Within usual historical support,True,Eligible for headline ranking inputs,11,1,0,0,True,13.0,0.0,0.0,2010.0,2022.0,Recorded positive production,16,3,1,3,0,5,True,False
233,'854,854,Burkina Faso,'S2518,2518,Sorghum and products,2023,2024,Model-generated 2024 early-warning estimate,392.1,True,Eligible for prospective scoring,0.06339047619047619,Watch: 5% to below 13%,0,Within usual historical support,True,Eligible for headline ranking inputs,6,1,0,0,True,13.0,2.0,0.15384615384615385,2010.0,2022.0,Recorded positive production,18,2,0,3,1,5,True,False
4,'012,012,Algeria,'S2511,2511,Wheat and products,2023,2024,Model-generated 2024 early-warning estimate,1267.12,True,Eligible for prospective scoring,0.06248571428571427,Watch: 5% to below 13%,0,Within usual historical support,True,Eligible for headline ranking inputs,2,1,0,0,True,13.0,0.0,0.0,2010.0,2022.0,Recorded positive production,18,1,1,0,2,5,True,False
222,'788,788,Tunisia,'S2807,2807,Rice and products,2023,2024,Model-generated 2024 early-warning estimate,13.99,True,Eligible for prospective scoring,0.06105396825396824,Watch: 5% to below 13%,0,Heightened evidence review,True,Eligible for headline ranking inputs,32,1,0,0,True,13.0,1.0,0.07692307692307693,2010.0,2022.0,No production source row,15,5,0,5,0,5,True,False
4,'012,012,Algeria,'S2514,2514,Maize and products,2023,2024,Model-generated 2024 early-warning estimate,116.95,True,Eligible for prospective scoring,0.06101190476190475,Watch: 5% to below 13%,0,Within usual historical support,True,Eligible for headline ranking inputs,5,1,0,0,True,13.0,0.0,0.0,2010.0,2022.0,Recorded positive production,17,2,1,2,0,5,True,False
90,'324,324,Guinea,'S2514,2514,Maize and products,2023,2024,Model-generated 2024 early-warning estimate,97.52,True,Eligible for prospective scoring,0.060928733766233756,Watch: 5% to below 13%,0,Within usual historical support,True,Eligible for headline ranking inputs,3,1,0,0,True,13.0,0.0,0.0,2010.0,2022.0,Recorded positive production,18,1,1,2,0,5,True,False
159,'566,566,Nigeria,'S2514,2514,Maize and products,2023,2024,Model-generated 2024 early-warning estimate,284.7,True,Eligible for prospective scoring,0.06054206349206349,Watch: 5% to below 13%,0,Heightened evidence review,True,Eligible for headline ranking inputs,1,4,3,0,True,13.0,0.0,0.0,2010.0,2022.0,Recorded positive production,19,1,0,0,1,5,True,False
32,'120,120,Cameroon,'S2535,2535,Yams,2023,2024,Model-generated 2024 early-warning estimate,33.04,True,Eligible for prospective scoring,0.06039126984126983,Watch: 5% to below 13%,0,Within usual historical support,True,Eligible for headline ranking inputs,12,1,0,0,True,13.0,0.0,0.0,2010.0,2022.0,Recorded positive production,16,3,1,2,0,4,False,False
136,'478,478,Mauritania,'S2807,2807,Rice and products,2023,2024,Model-generated 2024 early-warning estimate,456.01,True,Eligible for prospective scoring,0.0603134199134199,Watch: 5% to below 13%,0,Within usual historical support,True,Eligible for headline ranking inputs,10,1,0,0,True,13.0,0.0,0.0,2010.0,2022.0,Recorded positive production,17,2,1,2,0,5,True,False
45,'174,174,Comoros,'S2552,2552,Groundnuts,2023,2024,Model-generated 2024 early-warning estimate,65.09,True,Eligible for prospective scoring,0.05968571428571426,Watch: 5% to below 13%,0,Heightened evidence review,True,Eligible for headline ranking inputs,20,1,0,0,True,13.0,0.0,0.0,2010.0,2022.0,Recorded positive production,15,4,1,5,0,5,True,False
129,'450,450,Madagascar,'S2511,2511,Wheat and products,2023,2024,Model-generated 2024 early-warning estimate,74.26,True,Eligible for prospective scoring,0.05881045066045064,Watch: 5% to below 13%,0,Within usual historical support,True,Eligible for headline ranking inputs,3,1,0,0,True,13.0,0.0,0.0,2010.0,2022.0,Recorded positive production,19,1,0,6,0,5,True,False
35,'132,132,Cabo Verde,'S2514,2514,Maize and products,2023,2024,Model-generated 2024 early-warning estimate,401.28,True,Eligible for prospective scoring,0.058361904761904754,Watch: 5% to below 13%,0,Within usual historical support,True,Eligible for headline ranking inputs,15,1,0,0,True,13.0,1.0,0.07692307692307693,2010.0,2022.0,Recorded zero production,18,1,1,6,0,5,True,False
233,'854,854,Burkina Faso,'S2517,2517,Millet and products,2023,2024,Model-generated 2024 early-warning estimate,225.33,True,Eligible for prospective scoring,0.057562210012210006,Watch: 5% to below 13%,0,Within usual historical support,True,Eligible for headline ranking inputs,13,1,0,0,True,13.0,3.0,0.23076923076923078,2010.0,2022.0,Recorded positive production,16,2,2,2,0,5,True,False
209,'748,748,Eswatini,'S2518,2518,Sorghum and products,2023,2024,Model-generated 2024 early-warning estimate,15.74,True,Eligible for prospective scoring,0.055144805194805184,Watch: 5% to below 13%,0,Within usual historical support,True,Eligible for headline ranking inputs,14,1,0,0,True,13.0,3.0,0.23076923076923078,2010.0,2022.0,Recorded zero production,17,2,1,6,0,5,True,False
250,'180,180,Democratic Republic of the Congo,'S2532,2532,Cassava and products,2023,2024,Model-generated 2024 early-warning estimate,1313.88,True,Eligible for prospective scoring,0.054065873015873005,Watch: 5% to below 13%,0,Heightened evidence review,True,Eligible for headline ranking inputs,9,4,3,0,True,13.0,0.0,0.0,2010.0,2022.0,Recorded positive production,17,2,1,3,0,5,True,False
222,'788,788,Tunisia,'S2511,2511,Wheat and products,2023,2024,Model-generated 2024 early-warning estimate,1475.07,True,Eligible for prospective scoring,0.05404682539682539,Watch: 5% to below 13%,0,Within usual historical support,True,Eligible for headline ranking inputs,3,1,0,0,True,13.0,0.0,0.0,2010.0,2022.0,Recorded positive production,17,3,0,1,1,5,True,False
74,'266,266,Gabon,'S2807,2807,Rice and products,2023,2024,Model-generated 2024 early-warning estimate,397.48,True,Eligible for prospective scoring,0.053815512265512254,Watch: 5% to below 13%,0,Within usual historical support,True,Eligible for headline ranking inputs,7,1,0,0,True,13.0,2.0,0.15384615384615385,2010.0,2022.0,Recorded positive production,17,2,1,6,0,5,True,False
130,'454,454,Malawi,'S2514,2514,Maize and products,2023,2024,Model-generated 2024 early-warning estimate,1116.51,True,Eligible for prospective scoring,0.05377222222222222,Watch: 5% to below 13%,0,Heightened evidence review,True,Eligible for headline ranking inputs,1,2,1,0,True,13.0,0.0,0.0,2010.0,2022.0,Recorded positive production,19,1,0,2,1,5,True,False
238,'231,231,Ethiopia,'S2511,2511,Wheat and products,2023,2024,Model-generated 2024 early-warning estimate,481.07,True,Eligible for prospective scoring,0.05181984126984127,Watch: 5% to below 13%,0,Within usual historical support,True,Eligible for headline ranking inputs,2,1,0,0,True,13.0,0.0,0.0,2010.0,2022.0,Recorded positive production,19,1,0,4,1,5,True,False
32,'120,120,Cameroon,'S2807,2807,Rice and products,2023,2024,Model-generated 2024 early-warning estimate,275.2,True,Eligible for prospective scoring,0.04983809523809523,Very low: below 5%,0,Within usual historical support,True,Eligible for headline ranking inputs,3,1,0,0,True,13.0,0.0,0.0,2010.0,2022.0,Recorded positive production,17,1,2,1,1,5,True,False
195,'686,686,Senegal,'S2511,2511,Wheat and products,2023,2024,Model-generated 2024 early-warning estimate,341.58,True,Eligible for prospective scoring,0.04980952380952381,Very low: below 5%,0,Within usual historical support,True,Eligible for headline ranking inputs,16,1,0,0,True,13.0,0.0,0.0,2010.0,2022.0,No production source row,16,3,1,0,1,5,True,False
175,'624,624,Guinea-Bissau,'S2517,2517,Millet and products,2023,2024,Model-generated 2024 early-warning estimate,77.98,True,Eligible for prospective scoring,0.048007936507936506,Very low: below 5%,0,Heightened evidence review,True,Eligible for headline ranking inputs,20,1,0,0,True,13.0,1.0,0.07692307692307693,2010.0,2022.0,Recorded positive production,16,3,1,3,0,4,False,False
250,'180,180,Democratic Republic of the Congo,'S2807,2807,Rice and products,2023,2024,Model-generated 2024 early-warning estimate,102.61,True,Eligible for prospective scoring,0.04798095238095239,Very low: below 5%,0,Within usual historical support,True,Eligible for headline ranking inputs,4,1,0,0,True,13.0,0.0,0.0,2010.0,2022.0,Recorded positive production,17,2,1,2,0,5,True,False
159,'566,566,Nigeria,'S2532,2532,Cassava and products,2023,2024,Model-generated 2024 early-warning estimate,351.5,True,Eligible for prospective scoring,0.047596464646464644,Very low: below 5%,0,Heightened evidence review,True,Eligible for headline ranking inputs,9,10,9,0,True,13.0,0.0,0.0,2010.0,2022.0,Recorded positive production,17,2,1,1,1,5,True,False
129,'450,450,Madagascar,'S2514,2514,Maize and products,2023,2024,Model-generated 2024 early-warning estimate,56.5,True,Eligible for prospective scoring,0.04705238095238095,Very low: below 5%,0,Within usual historical support,True,Eligible for headline ranking inputs,3,1,0,0,True,13.0,1.0,0.07692307692307693,2010.0,2022.0,Recorded positive production,18,1,1,2,0,5,True,False
238,'231,231,Ethiopia,'S2518,2518,Sorghum and products,2023,2024,Model-generated 2024 early-warning estimate,200.03,True,Eligible for prospective scoring,0.046521645021645006,Very low: below 5%,0,Within usual historical support,True,Eligible for headline ranking inputs,2,1,0,0,True,13.0,0.0,0.0,2010.0,2022.0,Recorded positive production,18,1,1,2,1,5,True,False
32,'120,120,Cameroon,'S2511,2511,Wheat and products,2023,2024,Model-generated 2024 early-warning estimate,231.02,True,Eligible for prospective scoring,0.04638354978354978,Very low: below 5%,0,Within usual historical support,True,Eligible for headline ranking inputs,5,1,0,0,True,13.0,0.0,0.0,2010.0,2022.0,Recorded positive production,17,2,1,3,1,5,True,False
45,'174,174,Comoros,'S2807,2807,Rice and products,2023,2024,Model-generated 2024 early-warning estimate,676.37,True,Eligible for prospective scoring,0.04596825396825398,Very low: below 5%,0,Within usual historical support,True,Eligible for headline ranking inputs,12,1,0,0,True,13.0,0.0,0.0,2010.0,2022.0,Recorded zero production,17,2,1,7,0,5,True,False
81,'288,288,Ghana,'S2535,2535,Yams,2023,2024,Model-generated 2024 early-warning estimate,384.15,True,Eligible for prospective scoring,0.04571031746031746,Very low: below 5%,0,Within usual historical support,True,Eligible for headline ranking inputs,9,1,0,0,True,13.0,0.0,0.0,2010.0,2022.0,Recorded positive production,17,3,0,2,0,5,True,False
35,'132,132,Cabo Verde,'S2532,2532,Cassava and products,2023,2024,Model-generated 2024 early-warning estimate,12.93,True,Eligible for prospective scoring,0.04504261294261293,Very low: below 5%,0,Heightened evidence review,True,Eligible for headline ranking inputs,25,1,0,0,True,13.0,3.0,0.23076923076923078,2010.0,2022.0,Recorded positive production,16,3,1,6,0,5,True,False
90,'324,324,Guinea,'S2511,2511,Wheat and products,2023,2024,Model-generated 2024 early-warning estimate,151.28,True,Eligible for prospective scoring,0.043547113997114,Very low: below 5%,0,Heightened evidence review,True,Eligible for headline ranking inputs,25,1,0,0,True,13.0,1.0,0.07692307692307693,2010.0,2022.0,Source-present missing production,14,4,2,2,0,5,True,False
20,'072,072,Botswana,'S2552,2552,Groundnuts,2023,2024,Model-generated 2024 early-warning estimate,14.16,True,Eligible for prospective scoring,0.04322936507936508,Very low: below 5%,0,Within usual historical support,True,Eligible for headline ranking inputs,10,1,0,0,True,13.0,0.0,0.0,2010.0,2022.0,Recorded zero production,18,2,0,7,0,5,True,False
233,'854,854,Burkina Faso,'S2514,2514,Maize and products,2023,2024,Model-generated 2024 early-warning estimate,536.29,True,Eligible for prospective scoring,0.04297301587301588,Very low: below 5%,0,Within usual historical support,True,Eligible for headline ranking inputs,2,1,0,0,True,13.0,1.0,0.07692307692307693,2010.0,2022.0,Recorded positive production,18,1,1,4,0,5,True,False
32,'120,120,Cameroon,'S2518,2518,Sorghum and products,2023,2024,Model-generated 2024 early-warning estimate,274.66,True,Eligible for prospective scoring,0.042317965367965366,Very low: below 5%,0,Within usual historical support,True,Eligible for headline ranking inputs,11,1,0,0,True,13.0,0.0,0.0,2010.0,2022.0,Recorded positive production,17,2,1,2,0,5,True,False
159,'566,566,Nigeria,'S2518,2518,Sorghum and products,2023,2024,Model-generated 2024 early-warning estimate,201.35,True,Eligible for prospective scoring,0.04215396825396824,Very low: below 5%,0,Heightened evidence review,True,Eligible for headline ranking inputs,3,4,3,0,True,13.0,0.0,0.0,2010.0,2022.0,Recorded positive production,18,2,0,1,1,5,True,False
181,'716,716,Zimbabwe,'S2532,2532,Cassava and products,2023,2024,Model-generated 2024 early-warning estimate,47.28,True,Eligible for prospective scoring,0.04213924963924964,Very low: below 5%,0,Within usual historical support,True,Eligible for headline ranking inputs,17,1,0,0,True,13.0,0.0,0.0,2010.0,2022.0,Recorded positive production,16,2,2,2,0,5,True,False
197,'694,694,Sierra Leone,'S2514,2514,Maize and products,2023,2024,Model-generated 2024 early-warning estimate,18.99,True,Eligible for prospective scoring,0.04191197691197689,Very low: below 5%,0,Within usual historical support,True,Eligible for headline ranking inputs,12,1,0,0,True,13.0,4.0,0.3076923076923077,2010.0,2022.0,Recorded positive production,16,3,1,2,0,5,True,False
202,'710,710,South Africa,'S2514,2514,Maize and products,2023,2024,Model-generated 2024 early-warning estimate,613.49,True,Eligible for prospective scoring,0.04104321789321788,Very low: below 5%,0,Heightened evidence review,True,Eligible for headline ranking inputs,2,4,3,0,True,13.0,1.0,0.07692307692307693,2010.0,2022.0,Recorded positive production,18,2,0,1,1,5,True,False
74,'266,266,Gabon,'S2552,2552,Groundnuts,2023,2024,Model-generated 2024 early-warning estimate,140.16,True,Eligible for prospective scoring,0.040384920634920635,Very low: below 5%,0,Within usual historical support,True,Eligible for headline ranking inputs,12,1,0,0,True,13.0,0.0,0.0,2010.0,2022.0,Recorded positive production,16,4,0,4,0,5,True,False
197,'694,694,Sierra Leone,'S2532,2532,Cassava and products,2023,2024,Model-generated 2024 early-warning estimate,417.57,True,Eligible for prospective scoring,0.03914126984126983,Very low: below 5%,0,Within usual historical support,True,Eligible for headline ranking inputs,11,1,0,0,True,13.0,1.0,0.07692307692307693,2010.0,2022.0,Recorded positive production,16,4,0,0,1,5,True,False
195,'686,686,Senegal,'S2517,2517,Millet and products,2023,2024,Model-generated 2024 early-warning estimate,163.66,True,Eligible for prospective scoring,0.03894285714285714,Very low: below 5%,0,Within usual historical support,True,Eligible for headline ranking inputs,5,1,0,0,True,13.0,0.0,0.0,2010.0,2022.0,Recorded positive production,17,2,1,1,0,5,True,False
130,'454,454,Malawi,'S2532,2532,Cassava and products,2023,2024,Model-generated 2024 early-warning estimate,258.64,True,Eligible for prospective scoring,0.038481240981240984,Very low: below 5%,0,Within usual historical support,True,Eligible for headline ranking inputs,14,1,0,0,True,13.0,0.0,0.0,2010.0,2022.0,Recorded positive production,16,3,1,1,2,5,True,False
144,'508,508,Mozambique,'S2532,2532,Cassava and products,2023,2024,Model-generated 2024 early-warning estimate,607.56,True,Eligible for prospective scoring,0.03762142857142857,Very low: below 5%,0,Within usual historical support,True,Eligible for headline ranking inputs,9,1,0,0,True,13.0,1.0,0.07692307692307693,2010.0,2022.0,Recorded positive production,17,2,1,1,2,5,True,False
147,'516,516,Namibia,'S2514,2514,Maize and products,2023,2024,Model-generated 2024 early-warning estimate,537.12,True,Eligible for prospective scoring,0.03730079365079366,Very low: below 5%,0,Within usual historical support,True,Eligible for headline ranking inputs,1,1,0,0,True,13.0,0.0,0.0,2010.0,2022.0,Recorded positive production,19,1,0,0,0,5,True,False
122,'426,426,Lesotho,'S2514,2514,Maize and products,2023,2024,Model-generated 2024 early-warning estimate,848.8,True,Eligible for prospective scoring,0.0372047619047619,Very low: below 5%,0,Within usual historical support,True,Eligible for headline ranking inputs,2,1,0,0,True,13.0,0.0,0.0,2010.0,2022.0,Recorded positive production,18,2,0,2,0,5,True,False
72,'262,262,Djibouti,'S2807,2807,Rice and products,2023,2024,Model-generated 2024 early-warning estimate,513.52,True,Eligible for prospective scoring,0.03664206349206349,Very low: below 5%,0,Heightened evidence review,True,Eligible for headline ranking inputs,25,1,0,0,True,13.0,0.0,0.0,2010.0,2022.0,No production source row,14,6,0,1,0,5,True,False
250,'180,180,Democratic Republic of the Congo,'S2514,2514,Maize and products,2023,2024,Model-generated 2024 early-warning estimate,175.12,True,Eligible for prospective scoring,0.03632582972582972,Very low: below 5%,0,Within usual historical support,True,Eligible for headline ranking inputs,1,1,0,0,True,13.0,0.0,0.0,2010.0,2022.0,Recorded positive production,19,1,0,2,1,5,True,False
72,'262,262,Djibouti,'S2511,2511,Wheat and products,2023,2024,Model-generated 2024 early-warning estimate,865.15,True,Eligible for prospective scoring,0.03562698412698412,Very low: below 5%,0,Heightened evidence review,True,Eligible for headline ranking inputs,26,1,0,0,True,13.0,0.0,0.0,2010.0,2022.0,No production source row,14,4,2,1,0,5,True,False
20,'072,072,Botswana,'S2514,2514,Maize and products,2023,2024,Model-generated 2024 early-warning estimate,620.53,True,Eligible for prospective scoring,0.03552402597402597,Very low: below 5%,0,Within usual historical support,True,Eligible for headline ranking inputs,2,1,0,0,True,13.0,0.0,0.0,2010.0,2022.0,Recorded positive production,18,1,1,2,0,5,True,False
46,'178,178,Congo,'S2532,2532,Cassava and products,2023,2024,Model-generated 2024 early-warning estimate,737.61,True,Eligible for prospective scoring,0.03400584415584415,Very low: below 5%,0,Within usual historical support,True,Eligible for headline ranking inputs,12,1,0,0,True,13.0,0.0,0.0,2010.0,2022.0,Recorded positive production,16,3,1,4,0,5,True,False
114,'404,404,Kenya,'S2552,2552,Groundnuts,2023,2024,Model-generated 2024 early-warning estimate,7.75,True,Eligible for prospective scoring,0.033996031746031746,Very low: below 5%,0,Within usual historical support,True,Eligible for headline ranking inputs,8,1,0,0,True,12.0,2.0,0.16666666666666666,2010.0,2022.0,Recorded positive production,17,1,2,2,0,5,True,False
181,'716,716,Zimbabwe,'S2514,2514,Maize and products,2023,2024,Model-generated 2024 early-warning estimate,536.53,True,Eligible for prospective scoring,0.033269841269841276,Very low: below 5%,0,Within usual historical support,True,Eligible for headline ranking inputs,2,1,0,0,True,13.0,0.0,0.0,2010.0,2022.0,Recorded positive production,18,2,0,1,1,5,True,False
136,'478,478,Mauritania,'S2517,2517,Millet and products,2023,2024,Model-generated 2024 early-warning estimate,5.67,True,Eligible for prospective scoring,0.032720923520923526,Very low: below 5%,0,Heightened evidence review,True,Eligible for headline ranking inputs,13,1,0,0,True,4.0,0.0,0.0,2010.0,2022.0,Recorded positive production,16,4,0,4,0,5,True,False
175,'624,624,Guinea-Bissau,'S2807,2807,Rice and products,2023,2024,Model-generated 2024 early-warning estimate,1134.4,True,Eligible for prospective scoring,0.03142698412698412,Very low: below 5%,0,Within usual historical support,True,Eligible for headline ranking inputs,10,1,0,0,True,13.0,1.0,0.07692307692307693,2010.0,2022.0,Recorded positive production,16,3,1,2,0,5,True,False
35,'132,132,Cabo Verde,'S2511,2511,Wheat and products,2023,2024,Model-generated 2024 early-warning estimate,315.64,True,Eligible for prospective scoring,0.031019841269841267,Very low: below 5%,0,Within usual historical support,True,Eligible for headline ranking inputs,18,1,0,0,True,13.0,0.0,0.0,2010.0,2022.0,No production source row,17,3,0,5,0,5,True,False
184,'646,646,Rwanda,'S2552,2552,Groundnuts,2023,2024,Model-generated 2024 early-warning estimate,6.16,True,Eligible for prospective scoring,0.030947619047619047,Very low: below 5%,0,Within usual historical support,True,Eligible for headline ranking inputs,9,1,0,0,True,13.0,2.0,0.15384615384615385,2010.0,2022.0,Recorded positive production,17,3,0,3,0,5,True,False
74,'266,266,Gabon,'S2535,2535,Yams,2023,2024,Model-generated 2024 early-warning estimate,157.79,True,Eligible for prospective scoring,0.029814285714285713,Very low: below 5%,0,Within usual historical support,True,Eligible for headline ranking inputs,6,1,0,0,True,13.0,0.0,0.0,2010.0,2022.0,Recorded positive production,17,3,0,4,0,5,True,False
81,'288,288,Ghana,'S2532,2532,Cassava and products,2023,2024,Model-generated 2024 early-warning estimate,822.62,True,Eligible for prospective scoring,0.029521428571428573,Very low: below 5%,0,Heightened evidence review,True,Eligible for headline ranking inputs,15,5,4,0,True,13.0,0.0,0.0,2010.0,2022.0,Recorded positive production,16,3,1,1,0,5,True,False
32,'120,120,Cameroon,'S2517,2517,Millet and products,2023,2024,Model-generated 2024 early-warning estimate,27.5,True,Eligible for prospective scoring,0.029357142857142856,Very low: below 5%,0,Within usual historical support,True,Eligible for headline ranking inputs,10,1,0,0,True,13.0,0.0,0.0,2010.0,2022.0,Recorded positive production,17,2,1,4,0,5,True,False
195,'686,686,Senegal,'S2532,2532,Cassava and products,2023,2024,Model-generated 2024 early-warning estimate,101.13,True,Eligible for prospective scoring,0.028511111111111116,Very low: below 5%,0,Within usual historical support,True,Eligible for headline ranking inputs,10,1,0,0,True,13.0,1.0,0.07692307692307693,2010.0,2022.0,Recorded positive production,17,2,1,3,0,5,True,False
144,'508,508,Mozambique,'S2514,2514,Maize and products,2023,2024,Model-generated 2024 early-warning estimate,524.92,True,Eligible for prospective scoring,0.028388095238095237,Very low: below 5%,0,Within usual historical support,True,Eligible for headline ranking inputs,1,1,0,0,True,13.0,2.0,0.15384615384615385,2010.0,2022.0,Recorded positive production,19,1,0,3,0,5,True,False
46,'178,178,Congo,'S2511,2511,Wheat and products,2023,2024,Model-generated 2024 early-warning estimate,311.67,True,Eligible for prospective scoring,0.02799523809523809,Very low: below 5%,0,Heightened evidence review,True,Eligible for headline ranking inputs,24,1,0,0,True,13.0,0.0,0.0,2010.0,2022.0,Source-present missing production,14,4,2,2,0,5,True,False
209,'748,748,Eswatini,'S2514,2514,Maize and products,2023,2024,Model-generated 2024 early-warning estimate,761.3,True,Eligible for prospective scoring,0.02791190476190476,Very low: below 5%,0,Within usual historical support,True,Eligible for headline ranking inputs,2,1,0,0,True,13.0,0.0,0.0,2010.0,2022.0,Recorded positive production,19,1,0,3,0,5,True,False
75,'270,270,Gambia,'S2518,2518,Sorghum and products,2023,2024,Model-generated 2024 early-warning estimate,12.01,True,Eligible for prospective scoring,0.02781190476190476,Very low: below 5%,0,Within usual historical support,True,Eligible for headline ranking inputs,19,1,0,0,True,13.0,4.0,0.3076923076923077,2010.0,2022.0,Recorded positive production,15,2,3,4,0,4,False,False
233,'854,854,Burkina Faso,'S2807,2807,Rice and products,2023,2024,Model-generated 2024 early-warning estimate,332.53,True,Eligible for prospective scoring,0.02716428571428571,Very low: below 5%,0,Within usual historical support,True,Eligible for headline ranking inputs,2,1,0,0,True,13.0,1.0,0.07692307692307693,2010.0,2022.0,Recorded positive production,19,1,0,2,0,5,True,False
7,'024,024,Angola,'S2532,2532,Cassava and products,2023,2024,Model-generated 2024 early-warning estimate,758.69,True,Eligible for prospective scoring,0.02616118326118326,Very low: below 5%,0,Within usual historical support,True,Eligible for headline ranking inputs,10,1,0,0,True,13.0,1.0,0.07692307692307693,2010.0,2022.0,Recorded positive production,17,2,1,4,0,5,True,False
107,'384,384,Côte d'Ivoire,'S2535,2535,Yams,2023,2024,Model-generated 2024 early-warning estimate,448.97,True,Eligible for prospective scoring,0.02439862914862915,Very low: below 5%,0,Within usual historical support,True,Eligible for headline ranking inputs,5,1,0,0,True,13.0,0.0,0.0,2010.0,2022.0,Recorded positive production,17,3,0,3,0,5,True,False
123,'430,430,Liberia,'S2552,2552,Groundnuts,2023,2024,Model-generated 2024 early-warning estimate,13.15,True,Eligible for prospective scoring,0.02405793650793651,Very low: below 5%,0,Within usual historical support,True,Eligible for headline ranking inputs,13,1,0,0,True,13.0,0.0,0.0,2010.0,2022.0,Recorded positive production,16,4,0,4,0,5,True,False
129,'450,450,Madagascar,'S2532,2532,Cassava and products,2023,2024,Model-generated 2024 early-warning estimate,229.05,True,Eligible for prospective scoring,0.024016305916305918,Very low: below 5%,0,Within usual historical support,True,Eligible for headline ranking inputs,9,1,0,0,True,13.0,1.0,0.07692307692307693,2010.0,2022.0,Recorded positive production,17,2,1,2,1,5,True,False
143,'504,504,Morocco,'S2514,2514,Maize and products,2023,2024,Model-generated 2024 early-warning estimate,310.94,True,Eligible for prospective scoring,0.023680952380952382,Very low: below 5%,0,Within usual historical support,True,Eligible for headline ranking inputs,1,1,0,0,True,13.0,1.0,0.07692307692307693,2010.0,2022.0,Recorded positive production,19,1,0,2,0,5,True,False
59,'818,818,Egypt,'S2514,2514,Maize and products,2023,2024,Model-generated 2024 early-warning estimate,569.71,True,Eligible for prospective scoring,0.02302077922077922,Very low: below 5%,0,Within usual historical support,True,Eligible for headline ranking inputs,0,1,0,0,True,13.0,0.0,0.0,2010.0,2022.0,Recorded positive production,20,0,0,2,1,5,True,False
136,'478,478,Mauritania,'S2511,2511,Wheat and products,2023,2024,Model-generated 2024 early-warning estimate,852.79,True,Eligible for prospective scoring,0.02188571428571429,Very low: below 5%,0,Within usual historical support,True,Eligible for headline ranking inputs,4,1,0,0,True,13.0,1.0,0.07692307692307693,2010.0,2022.0,Recorded positive production,18,2,0,3,0,5,True,False
202,'710,710,South Africa,'S2511,2511,Wheat and products,2023,2024,Model-generated 2024 early-warning estimate,433.31,True,Eligible for prospective scoring,0.02008333333333333,Very low: below 5%,0,Within usual historical support,True,Eligible for headline ranking inputs,2,1,0,0,True,13.0,0.0,0.0,2010.0,2022.0,Recorded positive production,18,2,0,0,1,5,True,False
107,'384,384,Côte d'Ivoire,'S2532,2532,Cassava and products,2023,2024,Model-generated 2024 early-warning estimate,573.69,True,Eligible for prospective scoring,0.019107936507936508,Very low: below 5%,0,Within usual historical support,True,Eligible for headline ranking inputs,10,1,0,0,True,13.0,0.0,0.0,2010.0,2022.0,Recorded positive production,17,2,1,3,0,5,True,False
90,'324,324,Guinea,'S2517,2517,Millet and products,2023,2024,Model-generated 2024 early-warning estimate,5.34,True,Eligible for prospective scoring,0.019077788877788878,Very low: below 5%,0,Within usual historical support,True,Eligible for headline ranking inputs,6,1,0,0,True,13.0,0.0,0.0,2010.0,2022.0,Recorded positive production,17,2,1,3,1,5,True,False
90,'324,324,Guinea,'S2532,2532,Cassava and products,2023,2024,Model-generated 2024 early-warning estimate,461.76,True,Eligible for prospective scoring,0.01857380952380953,Very low: below 5%,0,Within usual historical support,True,Eligible for headline ranking inputs,11,1,0,0,True,13.0,0.0,0.0,2010.0,2022.0,Recorded positive production,16,3,1,3,0,5,True,False
75,'270,270,Gambia,'S2807,2807,Rice and products,2023,2024,Model-generated 2024 early-warning estimate,885.06,True,Eligible for prospective scoring,0.018468253968253967,Very low: below 5%,0,Within usual historical support,True,Eligible for headline ranking inputs,3,1,0,0,True,13.0,0.0,0.0,2010.0,2022.0,Recorded positive production,18,1,1,3,0,5,True,False
20,'072,072,Botswana,'S2511,2511,Wheat and products,2023,2024,Model-generated 2024 early-warning estimate,392.41,True,Eligible for prospective scoring,0.018402380952380955,Very low: below 5%,0,Within usual historical support,True,Eligible for headline ranking inputs,3,1,0,0,True,13.0,0.0,0.0,2010.0,2022.0,Recorded positive production,19,1,0,2,0,5,True,False
129,'450,450,Madagascar,'S2807,2807,Rice and products,2023,2024,Model-generated 2024 early-warning estimate,1145.32,True,Eligible for prospective scoring,0.01823571428571429,Very low: below 5%,0,Within usual historical support,True,Eligible for headline ranking inputs,2,1,0,0,True,13.0,0.0,0.0,2010.0,2022.0,Recorded positive production,19,1,0,2,2,5,True,False
7,'024,024,Angola,'S2514,2514,Maize and products,2023,2024,Model-generated 2024 early-warning estimate,399.03,True,Eligible for prospective scoring,0.018116666666666663,Very low: below 5%,0,Within usual historical support,True,Eligible for headline ranking inputs,1,1,0,0,True,13.0,0.0,0.0,2010.0,2022.0,Recorded positive production,19,1,0,2,1,5,True,False
123,'430,430,Liberia,'S2532,2532,Cassava and products,2023,2024,Model-generated 2024 early-warning estimate,344.37,True,Eligible for prospective scoring,0.01797619047619048,Very low: below 5%,0,Within usual historical support,True,Eligible for headline ranking inputs,15,1,0,0,True,13.0,0.0,0.0,2010.0,2022.0,Recorded positive production,16,4,0,5,0,5,True,False
81,'288,288,Ghana,'S2514,2514,Maize and products,2023,2024,Model-generated 2024 early-warning estimate,280.22,True,Eligible for prospective scoring,0.01723095238095238,Very low: below 5%,0,Within usual historical support,True,Eligible for headline ranking inputs,1,1,0,0,True,13.0,1.0,0.07692307692307693,2010.0,2022.0,Recorded positive production,19,1,0,0,0,5,True,False
74,'266,266,Gabon,'S2532,2532,Cassava and products,2023,2024,Model-generated 2024 early-warning estimate,184.03,True,Eligible for prospective scoring,0.016775757575757576,Very low: below 5%,0,Within usual historical support,True,Eligible for headline ranking inputs,17,1,0,0,True,13.0,0.0,0.0,2010.0,2022.0,Recorded positive production,16,3,1,2,0,5,True,False
197,'694,694,Sierra Leone,'S2807,2807,Rice and products,2023,2024,Model-generated 2024 early-warning estimate,1137.87,True,Eligible for prospective scoring,0.015616666666666664,Very low: below 5%,0,Within usual historical support,True,Eligible for headline ranking inputs,2,1,0,0,True,13.0,0.0,0.0,2010.0,2022.0,Recorded positive production,19,1,0,2,0,5,True,False
123,'430,430,Liberia,'S2807,2807,Rice and products,2023,2024,Model-generated 2024 early-warning estimate,1071.59,True,Eligible for prospective scoring,0.015593650793650795,Very low: below 5%,0,Within usual historical support,True,Eligible for headline ranking inputs,10,1,0,0,True,13.0,0.0,0.0,2010.0,2022.0,Recorded positive production,17,2,1,1,0,5,True,False
32,'120,120,Cameroon,'S2514,2514,Maize and products,2023,2024,Model-generated 2024 early-warning estimate,341.42,True,Eligible for prospective scoring,0.014543939393939394,Very low: below 5%,0,Within usual historical support,True,Eligible for headline ranking inputs,2,1,0,0,True,13.0,0.0,0.0,2010.0,2022.0,Recorded positive production,19,1,0,2,0,5,True,False
195,'686,686,Senegal,'S2514,2514,Maize and products,2023,2024,Model-generated 2024 early-warning estimate,207.85,True,Eligible for prospective scoring,0.014414862914862912,Very low: below 5%,0,Within usual historical support,True,Eligible for headline ranking inputs,2,1,0,0,True,13.0,2.0,0.15384615384615385,2010.0,2022.0,Recorded positive production,18,1,1,1,0,5,True,False
74,'266,266,Gabon,'S2511,2511,Wheat and products,2023,2024,Model-generated 2024 early-warning estimate,436.49,True,Eligible for prospective scoring,0.014168253968253967,Very low: below 5%,0,Heightened evidence review,True,Eligible for headline ranking inputs,20,1,0,0,True,13.0,0.0,0.0,2010.0,2022.0,No production source row,15,5,0,4,0,5,True,False
238,'231,231,Ethiopia,'S2514,2514,Maize and products,2023,2024,Model-generated 2024 early-warning estimate,471.23,True,Eligible for prospective scoring,0.013346825396825395,Very low: below 5%,0,Within usual historical support,True,Eligible for headline ranking inputs,2,1,0,0,True,13.0,0.0,0.0,2010.0,2022.0,Recorded positive production,19,1,0,2,1,5,True,False
75,'270,270,Gambia,'S2532,2532,Cassava and products,2023,2024,Model-generated 2024 early-warning estimate,14.56,True,Eligible for prospective scoring,0.01266190476190476,Very low: below 5%,0,Within usual historical support,True,Eligible for headline ranking inputs,18,1,0,0,True,13.0,0.0,0.0,2010.0,2022.0,Recorded positive production,15,4,1,3,0,5,True,False
251,'894,894,Zambia,'S2514,2514,Maize and products,2023,2024,Model-generated 2024 early-warning estimate,856.78,True,Eligible for prospective scoring,0.012403968253968256,Very low: below 5%,0,Within usual historical support,True,Eligible for headline ranking inputs,1,1,0,0,True,13.0,0.0,0.0,2010.0,2022.0,Recorded positive production,19,1,0,1,0,5,True,False
59,'818,818,Egypt,'S2511,2511,Wheat and products,2023,2024,Model-generated 2024 early-warning estimate,1048.7,True,Eligible for prospective scoring,0.012292424242424244,Very low: below 5%,0,Within usual historical support,True,Eligible for headline ranking inputs,1,1,0,0,True,13.0,0.0,0.0,2010.0,2022.0,Recorded positive production,19,1,0,1,1,5,True,False
193,'678,678,Sao Tome and Principe,'S2535,2535,Yams,2023,2024,Model-generated 2024 early-warning estimate,17.9,True,Eligible for prospective scoring,0.01178095238095238,Very low: below 5%,0,Heightened evidence review,True,Eligible for headline ranking inputs,28,1,0,0,True,13.0,0.0,0.0,2010.0,2022.0,Recorded positive production,14,5,1,4,0,4,False,False
215,'834,834,United Republic of Tanzania,'S2514,2514,Maize and products,2023,2024,Model-generated 2024 early-warning estimate,723.66,True,Eligible for prospective scoring,0.011680158730158728,Very low: below 5%,0,Within usual historical support,True,Eligible for headline ranking inputs,1,1,0,0,True,13.0,0.0,0.0,2010.0,2022.0,Recorded positive production,19,1,0,1,0,5,True,False
114,'404,404,Kenya,'S2514,2514,Maize and products,2023,2024,Model-generated 2024 early-warning estimate,530.69,True,Eligible for prospective scoring,0.011604761904761906,Very low: below 5%,0,Within usual historical support,True,Eligible for headline ranking inputs,0,1,0,0,True,13.0,0.0,0.0,2010.0,2022.0,Recorded positive production,20,0,0,2,0,5,True,False
107,'384,384,Côte d'Ivoire,'S2807,2807,Rice and products,2023,2024,Model-generated 2024 early-warning estimate,691.22,True,Eligible for prospective scoring,0.010854761904761907,Very low: below 5%,0,Within usual historical support,True,Eligible for headline ranking inputs,1,1,0,0,True,13.0,0.0,0.0,2010.0,2022.0,Recorded positive production,19,1,0,0,0,5,True,False
137,'480,480,Mauritius,'S2511,2511,Wheat and products,2023,2024,Model-generated 2024 early-warning estimate,883.8,True,Eligible for prospective scoring,0.010374603174603175,Very low: below 5%,0,Heightened evidence review,True,Eligible for headline ranking inputs,24,1,0,0,True,13.0,0.0,0.0,2010.0,2022.0,No production source row,16,3,1,2,0,5,True,False
143,'504,504,Morocco,'S2511,2511,Wheat and products,2023,2024,Model-generated 2024 early-warning estimate,1361.15,True,Eligible for prospective scoring,0.009866666666666666,Very low: below 5%,0,Within usual historical support,True,Eligible for headline ranking inputs,2,1,0,0,True,13.0,0.0,0.0,2010.0,2022.0,Recorded positive production,18,2,0,1,0,5,True,False
147,'516,516,Namibia,'S2511,2511,Wheat and products,2023,2024,Model-generated 2024 early-warning estimate,455.42,True,Eligible for prospective scoring,0.009316666666666668,Very low: below 5%,0,Within usual historical support,True,Eligible for headline ranking inputs,3,1,0,0,True,13.0,0.0,0.0,2010.0,2022.0,Recorded positive production,18,2,0,4,0,5,True,False
81,'288,288,Ghana,'S2807,2807,Rice and products,2023,2024,Model-generated 2024 early-warning estimate,342.55,True,Eligible for prospective scoring,0.009084126984126984,Very low: below 5%,0,Within usual historical support,True,Eligible for headline ranking inputs,2,1,0,0,True,13.0,0.0,0.0,2010.0,2022.0,Recorded positive production,18,1,1,0,1,5,True,False
107,'384,384,Côte d'Ivoire,'S2518,2518,Sorghum and products,2023,2024,Model-generated 2024 early-warning estimate,16.36,True,Eligible for prospective scoring,0.008733333333333334,Very low: below 5%,0,Within usual historical support,True,Eligible for headline ranking inputs,7,1,0,0,True,13.0,0.0,0.0,2010.0,2022.0,Recorded positive production,17,2,1,4,0,5,True,False
35,'132,132,Cabo Verde,'S2552,2552,Groundnuts,2023,2024,Model-generated 2024 early-warning estimate,7.04,True,Eligible for prospective scoring,0.008681746031746032,Very low: below 5%,0,Heightened evidence review,True,Eligible for headline ranking inputs,22,1,0,0,True,12.0,0.0,0.0,2011.0,2022.0,Recorded zero production,16,3,1,6,0,5,True,False
32,'120,120,Cameroon,'S2532,2532,Cassava and products,2023,2024,Model-generated 2024 early-warning estimate,391.02,True,Eligible for prospective scoring,0.0079,Very low: below 5%,0,Within usual historical support,True,Eligible for headline ranking inputs,9,1,0,0,True,13.0,0.0,0.0,2010.0,2022.0,Recorded positive production,16,3,1,1,0,5,True,False
107,'384,384,Côte d'Ivoire,'S2517,2517,Millet and products,2023,2024,Model-generated 2024 early-warning estimate,9.94,True,Eligible for prospective scoring,0.007866666666666666,Very low: below 5%,0,Within usual historical support,True,Eligible for headline ranking inputs,5,1,0,0,True,13.0,0.0,0.0,2010.0,2022.0,Recorded positive production,18,2,0,4,0,5,True,False
193,'678,678,Sao Tome and Principe,'S2532,2532,Cassava and products,2023,2024,Model-generated 2024 early-warning estimate,16.78,True,Eligible for prospective scoring,0.0073,Very low: below 5%,0,Heightened evidence review,True,Eligible for headline ranking inputs,27,1,0,0,True,13.0,1.0,0.07692307692307693,2010.0,2022.0,Recorded positive production,14,5,1,4,0,5,True,False
195,'686,686,Senegal,'S2807,2807,Rice and products,2023,2024,Model-generated 2024 early-warning estimate,792.82,True,Eligible for prospective scoring,0.005383333333333334,Very low: below 5%,0,Within usual historical support,True,Eligible for headline ranking inputs,1,1,0,0,True,13.0,0.0,0.0,2010.0,2022.0,Recorded positive production,19,1,0,1,0,5,True,False
7,'024,024,Angola,'S2517,2517,Millet and products,2023,2024,Model-generated 2024 early-warning estimate,5.27,True,Eligible for prospective scoring,0.004966666666666667,Very low: below 5%,0,Within usual historical support,True,Eligible for headline ranking inputs,7,1,0,0,True,12.0,1.0,0.08333333333333333,2010.0,2022.0,Recorded positive production,18,2,0,3,0,5,True,False
46,'178,178,Congo,'S2552,2552,Groundnuts,2023,2024,Model-generated 2024 early-warning estimate,22.82,True,Eligible for prospective scoring,0.004833333333333333,Very low: below 5%,0,Within usual historical support,True,Eligible for headline ranking inputs,11,1,0,0,True,13.0,0.0,0.0,2010.0,2022.0,Recorded positive production,17,3,0,4,0,5,True,False
184,'646,646,Rwanda,'S2535,2535,Yams,2023,2024,Model-generated 2024 early-warning estimate,8.95,True,Eligible for prospective scoring,0.0044380952380952375,Very low: below 5%,0,Heightened evidence review,True,Eligible for headline ranking inputs,27,1,0,0,True,13.0,0.0,0.0,2010.0,2022.0,Recorded positive production,14,5,1,3,0,4,False,False
90,'324,324,Guinea,'S2807,2807,Rice and products,2023,2024,Model-generated 2024 early-warning estimate,966.07,True,Eligible for prospective scoring,0.0028666666666666662,Very low: below 5%,0,Within usual historical support,True,Eligible for headline ranking inputs,4,1,0,0,True,13.0,0.0,0.0,2010.0,2022.0,Recorded positive production,17,2,1,2,0,5,True,False
46,'178,178,Congo,'S2535,2535,Yams,2023,2024,Model-generated 2024 early-warning estimate,5.87,True,Eligible for prospective scoring,0.0024333333333333334,Very low: below 5%,0,Heightened evidence review,True,Eligible for headline ranking inputs,24,1,0,0,True,13.0,0.0,0.0,2010.0,2022.0,Recorded positive production,15,5,0,4,0,5,True,False
123,'430,430,Liberia,'S2535,2535,Yams,2023,2024,Model-generated 2024 early-warning estimate,8.41,True,Eligible for prospective scoring,0.0,Very low: below 5%,0,Heightened evidence review,True,Eligible for headline ranking inputs,27,1,0,0,True,13.0,0.0,0.0,2010.0,2022.0,Recorded positive production,14,6,0,3,0,5,True,False
4,'012,012,Algeria,'S2517,2517,Millet and products,2023,2024,Not scored,,False,Current 2023 calorie availability is missing,,,,Not scored,False,Observation was not eligible for scoring,61,4,3,0,False,0.0,0.0,,0.0,0.0,No production source row,5,14,1,2,0,2,False,False
4,'012,012,Algeria,'S2518,2518,Sorghum and products,2023,2024,Not scored,0.17,False,Current 2023 calorie availability is below 5 kcal/person/day,,,,Not scored,False,Observation was not eligible for scoring,17,10,9,0,False,0.0,0.0,,0.0,0.0,Recorded positive production,16,4,0,8,0,5,True,False
4,'012,012,Algeria,'S2532,2532,Cassava and products,2023,2024,Not scored,0.0,False,Current 2023 calorie availability is below 5 kcal/person/day,,,,Not scored,False,Observation was not eligible for scoring,44,9,8,0,False,0.0,0.0,,0.0,0.0,No production source row,12,7,1,6,0,5,True,False
4,'012,012,Algeria,'S2535,2535,Yams,2023,2024,Not scored,,False,Current 2023 calorie availability is missing,,,,Not scored,False,Observation was not eligible for scoring,95,4,3,0,False,0.0,0.0,,0.0,0.0,No production source row,0,17,3,0,0,0,False,False
4,'012,012,Algeria,'S2552,2552,Groundnuts,2023,2024,Not scored,0.76,False,Current 2023 calorie availability is below 5 kcal/person/day,,,,Not scored,False,Observation was not eligible for scoring,11,5,4,0,True,1.0,0.0,0.0,2010.0,2010.0,Recorded positive production,17,3,0,4,0,5,True,False
7,'024,024,Angola,'S2518,2518,Sorghum and products,2023,2024,Not scored,0.0,False,Current 2023 calorie availability is below 5 kcal/person/day,,,,Not scored,False,Observation was not eligible for scoring,8,10,9,0,False,0.0,0.0,,0.0,0.0,Recorded positive production,18,2,0,11,0,5,True,False
7,'024,024,Angola,'S2535,2535,Yams,2023,2024,Not scored,,False,Current 2023 calorie availability is missing,,,,Not scored,False,Observation was not eligible for scoring,74,4,3,0,False,0.0,0.0,,0.0,0.0,No production source row,4,15,1,4,0,2,False,False
20,'072,072,Botswana,'S2517,2517,Millet and products,2023,2024,Not scored,2.95,False,Current 2023 calorie availability is below 5 kcal/person/day,,,,Not scored,False,Observation was not eligible for scoring,8,2,1,0,True,8.0,2.0,0.25,2010.0,2021.0,Recorded positive production,18,2,0,8,0,5,True,False
20,'072,072,Botswana,'S2532,2532,Cassava and products,2023,2024,Not scored,0.01,False,Current 2023 calorie availability is below 5 kcal/person/day,,,,Not scored,False,Observation was not eligible for scoring,48,9,8,0,False,0.0,0.0,,0.0,0.0,No production source row,13,6,1,9,0,5,True,False
20,'072,072,Botswana,'S2535,2535,Yams,2023,2024,Not scored,0.0,False,Current 2023 calorie availability is below 5 kcal/person/day,,,,Not scored,False,Observation was not eligible for scoring,48,10,9,0,False,0.0,0.0,,0.0,0.0,No production source row,13,6,1,10,0,5,True,False
233,'854,854,Burkina Faso,'S2532,2532,Cassava and products,2023,2024,Not scored,1.89,False,Current 2023 calorie availability is below 5 kcal/person/day,,,,Not scored,False,Observation was not eligible for scoring,16,7,6,0,False,0.0,0.0,,0.0,0.0,Recorded positive production,17,2,1,4,0,5,True,False
233,'854,854,Burkina Faso,'S2535,2535,Yams,2023,2024,Not scored,4.88,False,Current 2023 calorie availability is below 5 kcal/person/day,,,,Not scored,False,Observation was not eligible for scoring,10,2,1,0,True,9.0,1.0,0.1111111111111111,2010.0,2021.0,Recorded positive production,16,3,1,1,0,5,True,False
35,'132,132,Cabo Verde,'S2517,2517,Millet and products,2023,2024,Not scored,,False,Current 2023 calorie availability is missing,,,,Not scored,False,Observation was not eligible for scoring,74,4,3,0,False,0.0,0.0,,0.0,0.0,No production source row,4,15,1,4,0,2,False,False
35,'132,132,Cabo Verde,'S2518,2518,Sorghum and products,2023,2024,Not scored,,False,Current 2023 calorie availability is missing,,,,Not scored,False,Observation was not eligible for scoring,95,4,3,0,False,0.0,0.0,,0.0,0.0,No production source row,0,16,4,0,0,0,False,False
35,'132,132,Cabo Verde,'S2535,2535,Yams,2023,2024,Not scored,0.01,False,Current 2023 calorie availability is below 5 kcal/person/day,,,,Not scored,False,Observation was not eligible for scoring,52,10,9,0,False,0.0,0.0,,0.0,0.0,No production source row,11,9,0,6,0,5,True,False
45,'174,174,Comoros,'S2517,2517,Millet and products,2023,2024,Not scored,,False,Current 2023 calorie availability is missing,,,,Not scored,False,Observation was not eligible for scoring,95,4,3,0,False,0.0,0.0,,0.0,0.0,No production source row,0,8,12,0,0,0,False,False
45,'174,174,Comoros,'S2518,2518,Sorghum and products,2023,2024,Not scored,,False,Current 2023 calorie availability is missing,,,,Not scored,False,Observation was not eligible for scoring,95,5,4,0,False,0.0,0.0,,0.0,0.0,No production source row,0,15,5,0,0,0,False,False
46,'178,178,Congo,'S2517,2517,Millet and products,2023,2024,Not scored,,False,Current 2023 calorie availability is missing,,,,Not scored,False,Observation was not eligible for scoring,49,4,3,0,False,0.0,0.0,,0.0,0.0,Recorded positive production,7,12,1,2,0,2,False,False
46,'178,178,Congo,'S2518,2518,Sorghum and products,2023,2024,Not scored,,False,Current 2023 calorie availability is missing,,,,Not scored,False,Observation was not eligible for scoring,69,4,3,0,False,0.0,0.0,,0.0,0.0,No production source row,5,14,1,5,0,2,False,False
250,'180,180,Democratic Republic of the Congo,'S2517,2517,Millet and products,2023,2024,Not scored,2.12,False,Current 2023 calorie availability is below 5 kcal/person/day,,,,Not scored,False,Observation was not eligible for scoring,12,3,2,0,False,0.0,0.0,,0.0,0.0,Recorded positive production,17,2,1,4,0,5,True,False
250,'180,180,Democratic Republic of the Congo,'S2518,2518,Sorghum and products,2023,2024,Not scored,0.64,False,Current 2023 calorie availability is below 5 kcal/person/day,,,,Not scored,False,Observation was not eligible for scoring,13,7,6,0,False,0.0,0.0,,0.0,0.0,Recorded positive production,16,3,1,6,0,5,True,False
250,'180,180,Democratic Republic of the Congo,'S2535,2535,Yams,2023,2024,Not scored,2.38,False,Current 2023 calorie availability is below 5 kcal/person/day,,,,Not scored,False,Observation was not eligible for scoring,16,3,2,0,False,0.0,0.0,,0.0,0.0,Recorded positive production,15,3,2,2,0,4,False,False
72,'262,262,Djibouti,'S2517,2517,Millet and products,2023,2024,Not scored,0.01,False,Current 2023 calorie availability is below 5 kcal/person/day,,,,Not scored,False,Observation was not eligible for scoring,49,9,8,0,False,0.0,0.0,,0.0,0.0,No production source row,12,7,1,8,0,5,True,False
72,'262,262,Djibouti,'S2532,2532,Cassava and products,2023,2024,Not scored,0.14,False,Current 2023 calorie availability is below 5 kcal/person/day,,,,Not scored,False,Observation was not eligible for scoring,50,10,9,0,False,0.0,0.0,,0.0,0.0,No production source row,12,7,1,7,0,5,True,False
72,'262,262,Djibouti,'S2535,2535,Yams,2023,2024,Not scored,,False,Current 2023 calorie availability is missing,,,,Not scored,False,Observation was not eligible for scoring,95,5,4,0,False,0.0,0.0,,0.0,0.0,No production source row,0,9,11,0,0,0,False,False
59,'818,818,Egypt,'S2517,2517,Millet and products,2023,2024,Not scored,0.0,False,Current 2023 calorie availability is below 5 kcal/person/day,,,,Not scored,False,Observation was not eligible for scoring,39,11,10,0,False,0.0,0.0,,0.0,0.0,No production source row,13,5,2,9,2,5,True,True
59,'818,818,Egypt,'S2532,2532,Cassava and products,2023,2024,Not scored,0.0,False,Current 2023 calorie availability is below 5 kcal/person/day,,,,Not scored,False,Observation was not eligible for scoring,43,10,9,0,False,0.0,0.0,,0.0,0.0,No production source row,13,5,2,10,0,5,True,False
59,'818,818,Egypt,'S2535,2535,Yams,2023,2024,Not scored,,False,Current 2023 calorie availability is missing,,,,Not scored,False,Observation was not eligible for scoring,92,4,3,0,False,0.0,0.0,,0.0,0.0,No production source row,0,16,4,0,0,0,False,False
209,'748,748,Eswatini,'S2517,2517,Millet and products,2023,2024,Not scored,,False,Current 2023 calorie availability is missing,,,,Not scored,False,Observation was not eligible for scoring,65,4,3,0,False,0.0,0.0,,0.0,0.0,No production source row,6,14,0,6,0,2,False,False
209,'748,748,Eswatini,'S2532,2532,Cassava and products,2023,2024,Not scored,0.0,False,Current 2023 calorie availability is below 5 kcal/person/day,,,,Not scored,False,Observation was not eligible for scoring,48,10,9,0,False,0.0,0.0,,0.0,0.0,No production source row,13,6,1,11,0,5,True,False
209,'748,748,Eswatini,'S2535,2535,Yams,2023,2024,Not scored,,False,Current 2023 calorie availability is missing,,,,Not scored,False,Observation was not eligible for scoring,90,4,3,0,False,0.0,0.0,,0.0,0.0,No production source row,4,7,9,4,0,2,False,False
238,'231,231,Ethiopia,'S2532,2532,Cassava and products,2023,2024,Not scored,0.0,False,Current 2023 calorie availability is below 5 kcal/person/day,,,,Not scored,False,Observation was not eligible for scoring,49,10,9,0,False,0.0,0.0,,0.0,0.0,No production source row,11,6,3,11,0,4,False,False
238,'231,231,Ethiopia,'S2535,2535,Yams,2023,2024,Not scored,0.79,False,Current 2023 calorie availability is below 5 kcal/person/day,,,,Not scored,False,Observation was not eligible for scoring,17,7,6,0,True,3.0,1.0,0.3333333333333333,2010.0,2012.0,Recorded positive production,16,3,1,5,0,5,True,False
74,'266,266,Gabon,'S2517,2517,Millet and products,2023,2024,Not scored,,False,Current 2023 calorie availability is missing,,,,Not scored,False,Observation was not eligible for scoring,69,4,3,0,False,0.0,0.0,,0.0,0.0,No production source row,5,15,0,5,0,2,False,False
74,'266,266,Gabon,'S2518,2518,Sorghum and products,2023,2024,Not scored,0.0,False,Current 2023 calorie availability is below 5 kcal/person/day,,,,Not scored,False,Observation was not eligible for scoring,55,10,9,0,False,0.0,0.0,,0.0,0.0,No production source row,11,6,3,11,0,4,False,False
75,'270,270,Gambia,'S2535,2535,Yams,2023,2024,Not scored,,False,Current 2023 calorie availability is missing,,,,Not scored,False,Observation was not eligible for scoring,95,4,3,0,False,0.0,0.0,,0.0,0.0,No production source row,0,8,12,0,0,0,False,False
90,'324,324,Guinea,'S2518,2518,Sorghum and products,2023,2024,Not scored,4.27,False,Current 2023 calorie availability is below 5 kcal/person/day,,,,Not scored,False,Observation was not eligible for scoring,6,2,1,0,False,0.0,0.0,,0.0,0.0,Recorded positive production,17,2,1,4,0,5,True,False
175,'624,624,Guinea-Bissau,'S2535,2535,Yams,2023,2024,Not scored,0.0,False,Current 2023 calorie availability is below 5 kcal/person/day,,,,Not scored,False,Observation was not eligible for scoring,58,11,10,0,False,0.0,0.0,,0.0,0.0,No production source row,11,9,0,10,0,5,True,False
114,'404,404,Kenya,'S2535,2535,Yams,2023,2024,Not scored,0.25,False,Current 2023 calorie availability is below 5 kcal/person/day,,,,Not scored,False,Observation was not eligible for scoring,16,7,6,0,False,0.0,0.0,,0.0,0.0,Recorded positive production,16,2,2,5,1,5,True,False
122,'426,426,Lesotho,'S2517,2517,Millet and products,2023,2024,Not scored,0.01,False,Current 2023 calorie availability is below 5 kcal/person/day,,,,Not scored,False,Observation was not eligible for scoring,49,9,8,0,False,0.0,0.0,,0.0,0.0,No production source row,12,7,1,8,0,5,True,False
122,'426,426,Lesotho,'S2532,2532,Cassava and products,2023,2024,Not scored,0.0,False,Current 2023 calorie availability is below 5 kcal/person/day,,,,Not scored,False,Observation was not eligible for scoring,49,10,9,0,False,0.0,0.0,,0.0,0.0,No production source row,12,7,1,12,0,5,True,False
122,'426,426,Lesotho,'S2535,2535,Yams,2023,2024,Not scored,0.0,False,Current 2023 calorie availability is below 5 kcal/person/day,,,,Not scored,False,Observation was not eligible for scoring,49,10,9,0,False,0.0,0.0,,0.0,0.0,No production source row,12,8,0,11,0,5,True,False
122,'426,426,Lesotho,'S2552,2552,Groundnuts,2023,2024,Not scored,4.38,False,Current 2023 calorie availability is below 5 kcal/person/day,,,,Not scored,False,Observation was not eligible for scoring,42,2,1,0,True,5.0,0.0,0.0,2017.0,2022.0,No production source row,11,8,1,1,0,5,True,False
123,'430,430,Liberia,'S2514,2514,Maize and products,2023,2024,Not scored,2.47,False,Current 2023 calorie availability is below 5 kcal/person/day,,,,Not scored,False,Observation was not eligible for scoring,30,4,3,0,True,2.0,0.0,0.0,2011.0,2012.0,No production source row,13,6,1,2,0,5,True,False
123,'430,430,Liberia,'S2517,2517,Millet and products,2023,2024,Not scored,0.01,False,Current 2023 calorie availability is below 5 kcal/person/day,,,,Not scored,False,Observation was not eligible for scoring,54,10,9,0,False,0.0,0.0,,0.0,0.0,No production source row,11,9,0,7,0,5,True,False
123,'430,430,Liberia,'S2518,2518,Sorghum and products,2023,2024,Not scored,0.0,False,Current 2023 calorie availability is below 5 kcal/person/day,,,,Not scored,False,Observation was not eligible for scoring,57,12,11,0,False,0.0,0.0,,0.0,0.0,No production source row,10,9,1,10,0,4,False,False
124,'434,434,Libya,'S2517,2517,Millet and products,2023,2024,Not scored,,False,Current 2023 calorie availability is missing,,,,Not scored,False,Observation was not eligible for scoring,45,4,3,0,False,0.0,0.0,,0.0,0.0,Recorded positive production,8,11,1,4,0,2,False,False
124,'434,434,Libya,'S2518,2518,Sorghum and products,2023,2024,Not scored,,False,Current 2023 calorie availability is missing,,,,Not scored,False,Observation was not eligible for scoring,64,4,3,0,False,0.0,0.0,,0.0,0.0,No production source row,5,14,1,2,0,2,False,False
124,'434,434,Libya,'S2532,2532,Cassava and products,2023,2024,Not scored,0.0,False,Current 2023 calorie availability is below 5 kcal/person/day,,,,Not scored,False,Observation was not eligible for scoring,55,14,13,0,False,0.0,0.0,,0.0,0.0,No production source row,10,9,1,10,0,4,False,False
124,'434,434,Libya,'S2535,2535,Yams,2023,2024,Not scored,,False,Current 2023 calorie availability is missing,,,,Not scored,False,Observation was not eligible for scoring,95,5,4,0,False,0.0,0.0,,0.0,0.0,No production source row,0,9,11,0,0,0,False,False
129,'450,450,Madagascar,'S2517,2517,Millet and products,2023,2024,Not scored,0.01,False,Current 2023 calorie availability is below 5 kcal/person/day,,,,Not scored,False,Observation was not eligible for scoring,49,9,8,0,False,0.0,0.0,,0.0,0.0,No production source row,12,6,2,8,0,5,True,False
129,'450,450,Madagascar,'S2518,2518,Sorghum and products,2023,2024,Not scored,3.9,False,Current 2023 calorie availability is below 5 kcal/person/day,,,,Not scored,False,Observation was not eligible for scoring,14,2,1,0,False,0.0,0.0,,0.0,0.0,Recorded positive production,16,2,2,4,0,5,True,False
129,'450,450,Madagascar,'S2535,2535,Yams,2023,2024,Not scored,,False,Current 2023 calorie availability is missing,,,,Not scored,False,Observation was not eligible for scoring,95,4,3,0,False,0.0,0.0,,0.0,0.0,No production source row,0,17,3,0,0,0,False,False
129,'450,450,Madagascar,'S2552,2552,Groundnuts,2023,2024,Not scored,1.01,False,Current 2023 calorie availability is below 5 kcal/person/day,,,,Not scored,False,Observation was not eligible for scoring,10,6,5,0,False,0.0,0.0,,0.0,0.0,Recorded positive production,16,3,1,1,2,5,True,True
130,'454,454,Malawi,'S2535,2535,Yams,2023,2024,Not scored,0.0,False,Current 2023 calorie availability is below 5 kcal/person/day,,,,Not scored,False,Observation was not eligible for scoring,49,10,9,0,False,0.0,0.0,,0.0,0.0,No production source row,12,7,1,12,0,5,True,False
136,'478,478,Mauritania,'S2532,2532,Cassava and products,2023,2024,Not scored,,False,Current 2023 calorie availability is missing,,,,Not scored,False,Observation was not eligible for scoring,78,4,3,0,False,0.0,0.0,,0.0,0.0,No production source row,4,8,8,4,0,2,False,False
136,'478,478,Mauritania,'S2535,2535,Yams,2023,2024,Not scored,1.35,False,Current 2023 calorie availability is below 5 kcal/person/day,,,,Not scored,False,Observation was not eligible for scoring,29,7,6,0,False,0.0,0.0,,0.0,0.0,Recorded positive production,14,5,1,5,0,4,False,False
136,'478,478,Mauritania,'S2552,2552,Groundnuts,2023,2024,Not scored,1.32,False,Current 2023 calorie availability is below 5 kcal/person/day,,,,Not scored,False,Observation was not eligible for scoring,19,3,2,0,False,0.0,0.0,,0.0,0.0,Recorded positive production,16,3,1,4,0,5,True,False
137,'480,480,Mauritius,'S2517,2517,Millet and products,2023,2024,Not scored,,False,Current 2023 calorie availability is missing,,,,Not scored,False,Observation was not eligible for scoring,67,4,3,0,False,0.0,0.0,,0.0,0.0,No production source row,5,13,2,2,0,2,False,False
137,'480,480,Mauritius,'S2518,2518,Sorghum and products,2023,2024,Not scored,0.01,False,Current 2023 calorie availability is below 5 kcal/person/day,,,,Not scored,False,Observation was not eligible for scoring,85,5,4,0,False,0.0,0.0,,0.0,0.0,No production source row,12,7,1,8,0,5,True,False
137,'480,480,Mauritius,'S2535,2535,Yams,2023,2024,Not scored,,False,Current 2023 calorie availability is missing,,,,Not scored,False,Observation was not eligible for scoring,79,4,3,0,False,0.0,0.0,,0.0,0.0,No production source row,3,17,0,3,0,1,False,False
143,'504,504,Morocco,'S2517,2517,Millet and products,2023,2024,Not scored,2.55,False,Current 2023 calorie availability is below 5 kcal/person/day,,,,Not scored,False,Observation was not eligible for scoring,7,3,2,0,False,0.0,0.0,,0.0,0.0,Recorded positive production,18,2,0,4,0,5,True,False
143,'504,504,Morocco,'S2518,2518,Sorghum and products,2023,2024,Not scored,0.05,False,Current 2023 calorie availability is below 5 kcal/person/day,,,,Not scored,False,Observation was not eligible for scoring,8,9,8,0,False,0.0,0.0,,0.0,0.0,Recorded positive production,18,2,0,8,0,5,True,False
143,'504,504,Morocco,'S2532,2532,Cassava and products,2023,2024,Not scored,0.06,False,Current 2023 calorie availability is below 5 kcal/person/day,,,,Not scored,False,Observation was not eligible for scoring,53,9,8,0,False,0.0,0.0,,0.0,0.0,No production source row,11,8,1,6,0,5,True,False
143,'504,504,Morocco,'S2535,2535,Yams,2023,2024,Not scored,0.0,False,Current 2023 calorie availability is below 5 kcal/person/day,,,,Not scored,False,Observation was not eligible for scoring,54,10,9,0,False,0.0,0.0,,0.0,0.0,No production source row,11,9,0,9,0,5,True,False
143,'504,504,Morocco,'S2552,2552,Groundnuts,2023,2024,Not scored,0.49,False,Current 2023 calorie availability is below 5 kcal/person/day,,,,Not scored,False,Observation was not eligible for scoring,11,5,4,0,False,0.0,0.0,,0.0,0.0,Recorded positive production,17,3,0,2,2,5,True,False
144,'508,508,Mozambique,'S2517,2517,Millet and products,2023,2024,Not scored,4.02,False,Current 2023 calorie availability is below 5 kcal/person/day,,,,Not scored,False,Observation was not eligible for scoring,13,2,1,0,True,12.0,2.0,0.16666666666666666,2010.0,2022.0,Recorded positive production,16,2,2,4,0,5,True,False
144,'508,508,Mozambique,'S2535,2535,Yams,2023,2024,Not scored,0.0,False,Current 2023 calorie availability is below 5 kcal/person/day,,,,Not scored,False,Observation was not eligible for scoring,54,10,9,0,False,0.0,0.0,,0.0,0.0,No production source row,12,8,0,12,0,5,True,False
144,'508,508,Mozambique,'S2552,2552,Groundnuts,2023,2024,Not scored,2.4,False,Current 2023 calorie availability is below 5 kcal/person/day,,,,Not scored,False,Observation was not eligible for scoring,8,3,2,0,True,12.0,2.0,0.16666666666666666,2010.0,2021.0,Recorded positive production,17,3,0,1,0,5,True,False
147,'516,516,Namibia,'S2532,2532,Cassava and products,2023,2024,Not scored,0.19,False,Current 2023 calorie availability is below 5 kcal/person/day,,,,Not scored,False,Observation was not eligible for scoring,53,9,8,0,False,0.0,0.0,,0.0,0.0,No production source row,11,8,1,6,0,5,True,False
147,'516,516,Namibia,'S2535,2535,Yams,2023,2024,Not scored,0.0,False,Current 2023 calorie availability is below 5 kcal/person/day,,,,Not scored,False,Observation was not eligible for scoring,44,10,9,0,False,0.0,0.0,,0.0,0.0,No production source row,13,6,1,12,0,5,True,False
158,'562,562,Niger,'S2535,2535,Yams,2023,2024,Not scored,0.41,False,Current 2023 calorie availability is below 5 kcal/person/day,,,,Not scored,False,Observation was not eligible for scoring,40,7,6,0,False,0.0,0.0,,0.0,0.0,No production source row,12,6,2,3,0,5,True,False
184,'646,646,Rwanda,'S2517,2517,Millet and products,2023,2024,Not scored,1.16,False,Current 2023 calorie availability is below 5 kcal/person/day,,,,Not scored,False,Observation was not eligible for scoring,9,5,4,0,False,0.0,0.0,,0.0,0.0,Recorded positive production,17,2,1,7,0,5,True,False
193,'678,678,Sao Tome and Principe,'S2517,2517,Millet and products,2023,2024,Not scored,0.0,False,Current 2023 calorie availability is below 5 kcal/person/day,,,,Not scored,False,Observation was not eligible for scoring,58,11,10,0,False,0.0,0.0,,0.0,0.0,No production source row,10,7,3,10,0,4,False,False
193,'678,678,Sao Tome and Principe,'S2518,2518,Sorghum and products,2023,2024,Not scored,,False,Current 2023 calorie availability is missing,,,,Not scored,False,Observation was not eligible for scoring,95,5,4,0,False,0.0,0.0,,0.0,0.0,No production source row,0,9,11,0,0,0,False,False
193,'678,678,Sao Tome and Principe,'S2552,2552,Groundnuts,2023,2024,Not scored,3.98,False,Current 2023 calorie availability is below 5 kcal/person/day,,,,Not scored,False,Observation was not eligible for scoring,45,2,1,0,True,1.0,0.0,0.0,2020.0,2020.0,No production source row,12,6,2,5,0,5,True,False
196,'690,690,Seychelles,'S2517,2517,Millet and products,2023,2024,Not scored,0.6,False,Current 2023 calorie availability is below 5 kcal/person/day,,,,Not scored,False,Observation was not eligible for scoring,50,6,5,0,False,0.0,0.0,,0.0,0.0,No production source row,11,8,1,4,0,5,True,False
196,'690,690,Seychelles,'S2518,2518,Sorghum and products,2023,2024,Not scored,0.12,False,Current 2023 calorie availability is below 5 kcal/person/day,,,,Not scored,False,Observation was not eligible for scoring,53,9,8,0,False,0.0,0.0,,0.0,0.0,No production source row,11,8,1,6,0,5,True,False
196,'690,690,Seychelles,'S2532,2532,Cassava and products,2023,2024,Not scored,4.76,False,Current 2023 calorie availability is below 5 kcal/person/day,,,,Not scored,False,Observation was not eligible for scoring,33,3,2,0,True,11.0,0.0,0.0,2010.0,2021.0,Recorded zero production,15,5,0,8,0,5,True,False
196,'690,690,Seychelles,'S2535,2535,Yams,2023,2024,Not scored,,False,Current 2023 calorie availability is missing,,,,Not scored,False,Observation was not eligible for scoring,95,4,3,0,False,0.0,0.0,,0.0,0.0,No production source row,0,20,0,0,0,0,False,False
197,'694,694,Sierra Leone,'S2535,2535,Yams,2023,2024,Not scored,,False,Current 2023 calorie availability is missing,,,,Not scored,False,Observation was not eligible for scoring,89,4,3,0,False,0.0,0.0,,0.0,0.0,No production source row,4,16,0,4,0,2,False,False
202,'710,710,South Africa,'S2517,2517,Millet and products,2023,2024,Not scored,0.6,False,Current 2023 calorie availability is below 5 kcal/person/day,,,,Not scored,False,Observation was not eligible for scoring,6,5,4,0,False,0.0,0.0,,0.0,0.0,Recorded positive production,17,3,0,5,0,5,True,False
202,'710,710,South Africa,'S2532,2532,Cassava and products,2023,2024,Not scored,0.0,False,Current 2023 calorie availability is below 5 kcal/person/day,,,,Not scored,False,Observation was not eligible for scoring,33,12,11,0,False,0.0,0.0,,0.0,0.0,No production source row,14,6,0,10,0,5,True,False
202,'710,710,South Africa,'S2535,2535,Yams,2023,2024,Not scored,0.0,False,Current 2023 calorie availability is below 5 kcal/person/day,,,,Not scored,False,Observation was not eligible for scoring,31,9,8,0,False,0.0,0.0,,0.0,0.0,No production source row,14,6,0,8,0,5,True,False
222,'788,788,Tunisia,'S2514,2514,Maize and products,2023,2024,Not scored,0.64,False,Current 2023 calorie availability is below 5 kcal/person/day,,,,Not scored,False,Observation was not eligible for scoring,26,9,8,0,False,0.0,0.0,,0.0,0.0,No production source row,15,5,0,4,1,5,True,False
222,'788,788,Tunisia,'S2517,2517,Millet and products,2023,2024,Not scored,2.24,False,Current 2023 calorie availability is below 5 kcal/person/day,,,,Not scored,False,Observation was not eligible for scoring,41,4,3,0,False,0.0,0.0,,0.0,0.0,No production source row,13,6,1,2,0,5,True,False
222,'788,788,Tunisia,'S2518,2518,Sorghum and products,2023,2024,Not scored,2.21,False,Current 2023 calorie availability is below 5 kcal/person/day,,,,Not scored,False,Observation was not eligible for scoring,10,3,2,0,False,0.0,0.0,,0.0,0.0,Recorded positive production,17,3,0,5,0,5,True,False
222,'788,788,Tunisia,'S2532,2532,Cassava and products,2023,2024,Not scored,0.05,False,Current 2023 calorie availability is below 5 kcal/person/day,,,,Not scored,False,Observation was not eligible for scoring,54,10,9,0,False,0.0,0.0,,0.0,0.0,No production source row,11,9,0,6,0,5,True,False
222,'788,788,Tunisia,'S2535,2535,Yams,2023,2024,Not scored,,False,Current 2023 calorie availability is missing,,,,Not scored,False,Observation was not eligible for scoring,69,4,3,0,False,0.0,0.0,,0.0,0.0,No production source row,5,7,8,5,0,2,False,False
222,'788,788,Tunisia,'S2552,2552,Groundnuts,2023,2024,Not scored,4.57,False,Current 2023 calorie availability is below 5 kcal/person/day,,,,Not scored,False,Observation was not eligible for scoring,32,2,1,0,True,13.0,0.0,0.0,2010.0,2022.0,No production source row,13,7,0,3,0,5,True,False
226,'800,800,Uganda,'S2535,2535,Yams,2023,2024,Not scored,,False,Current 2023 calorie availability is missing,,,,Not scored,False,Observation was not eligible for scoring,76,4,3,0,False,0.0,0.0,,0.0,0.0,No production source row,3,7,10,3,0,1,False,False
215,'834,834,United Republic of Tanzania,'S2535,2535,Yams,2023,2024,Not scored,0.29,False,Current 2023 calorie availability is below 5 kcal/person/day,,,,Not scored,False,Observation was not eligible for scoring,20,7,6,0,False,0.0,0.0,,0.0,0.0,Recorded positive production,15,4,1,4,0,4,False,False
251,'894,894,Zambia,'S2518,2518,Sorghum and products,2023,2024,Not scored,1.57,False,Current 2023 calorie availability is below 5 kcal/person/day,,,,Not scored,False,Observation was not eligible for scoring,7,2,1,0,True,5.0,0.0,0.0,2010.0,2021.0,Recorded positive production,18,2,0,5,0,5,True,False
251,'894,894,Zambia,'S2535,2535,Yams,2023,2024,Not scored,,False,Current 2023 calorie availability is missing,,,,Not scored,False,Observation was not eligible for scoring,74,4,3,0,False,0.0,0.0,,0.0,0.0,No production source row,4,15,1,4,0,2,False,False
181,'716,716,Zimbabwe,'S2535,2535,Yams,2023,2024,Not scored,,False,Current 2023 calorie availability is missing,,,,Not scored,False,Observation was not eligible for scoring,86,4,3,0,False,0.0,0.0,,0.0,0.0,No production source row,0,17,3,0,0,0,False,False
